datetime,open,high,low,close,volume,oi
2020-07-14 00:00:00+05:30,121.4,121.4,119.15,119.4,7234663,0
2020-07-15 00:00:00+05:30,119.95,120.5,118.75,119.15,7037830,0
2020-07-16 00:00:00+05:30,118.95,119.15,116.0,117.4,11785672,0
2020-07-17 00:00:00+05:30,117.85,122.9,117.85,121.55,11331580,0
2020-07-20 00:00:00+05:30,124.3,125.3,122.6,123.8,16602099,0
2020-07-21 00:00:00+05:30,124.3,125.2,122.85,123.9,10375599,0
2020-07-22 00:00:00+05:30,124.5,127.25,123.6,124.8,14123442,0
2020-07-23 00:00:00+05:30,125.6,126.2,124.0,124.25,5534401,0
2020-07-24 00:00:00+05:30,123.7,123.7,121.0,122.55,8426461,0
2020-07-27 00:00:00+05:30,122.55,122.7,120.45,120.95,5361640,0
2020-07-28 00:00:00+05:30,121.1,121.7,119.65,121.45,5274400,0
2020-07-29 00:00:00+05:30,121.0,123.35,120.75,122.15,5730273,0
2020-07-30 00:00:00+05:30,122.25,122.6,119.4,119.7,5755343,0
2020-07-31 00:00:00+05:30,120.05,121.0,118.75,120.35,5310134,0
2020-08-03 00:00:00+05:30,120.9,120.9,119.25,119.5,4101652,0
2020-08-04 00:00:00+05:30,120.65,122.6,119.6,119.85,8225373,0
2020-08-05 00:00:00+05:30,120.25,121.1,119.35,119.55,6357551,0
2020-08-06 00:00:00+05:30,120.1,122.15,119.4,119.95,7905921,0
2020-08-07 00:00:00+05:30,120.55,121.35,119.65,120.8,6553630,0
2020-08-10 00:00:00+05:30,121.3,122.1,120.1,120.35,7123618,0
2020-08-11 00:00:00+05:30,121.15,121.95,120.75,121.1,5668353,0
2020-08-12 00:00:00+05:30,121.0,121.2,119.6,119.8,10656136,0
2020-08-13 00:00:00+05:30,119.85,121.15,119.4,120.05,7333041,0
2020-08-14 00:00:00+05:30,120.45,124.95,120.2,122.7,23946126,0
2020-08-17 00:00:00+05:30,124.3,127.55,123.2,126.6,23263429,0
2020-08-18 00:00:00+05:30,127.2,128.95,126.3,127.2,14887919,0
2020-08-19 00:00:00+05:30,128.0,128.45,125.15,125.8,7440433,0
2020-08-20 00:00:00+05:30,124.8,129.4,124.15,128.95,16865173,0
2020-08-21 00:00:00+05:30,129.9,132.0,129.4,129.9,18104029,0
2020-08-24 00:00:00+05:30,131.0,131.65,129.15,130.1,7621614,0
2020-08-25 00:00:00+05:30,131.1,131.25,129.6,130.75,8785149,0
2020-08-26 00:00:00+05:30,130.85,134.0,130.25,132.1,20083742,0
2020-08-27 00:00:00+05:30,132.85,133.35,130.3,130.85,9356658,0
2020-08-28 00:00:00+05:30,131.35,132.55,129.05,129.45,9056537,0
2020-08-31 00:00:00+05:30,129.65,132.3,124.65,125.05,18673288,0
2020-09-01 00:00:00+05:30,125.8,126.05,121.65,124.25,10567434,0
2020-09-02 00:00:00+05:30,126.15,128.0,125.45,126.85,16749485,0
2020-09-03 00:00:00+05:30,128.0,128.5,124.6,126.35,17375928,0
2020-09-04 00:00:00+05:30,124.8,127.0,122.3,123.3,9952601,0
2020-09-07 00:00:00+05:30,123.8,124.55,121.7,122.8,8781895,0
2020-09-08 00:00:00+05:30,122.95,123.5,120.45,120.95,7292473,0
2020-09-09 00:00:00+05:30,120.05,120.1,116.15,118.2,13115865,0
2020-09-10 00:00:00+05:30,119.15,119.4,116.85,117.9,12007586,0
2020-09-11 00:00:00+05:30,118.15,118.25,116.05,116.45,12588469,0
2020-09-14 00:00:00+05:30,117.25,118.1,115.5,116.3,12397189,0
2020-09-15 00:00:00+05:30,117.0,117.1,115.25,115.5,11541715,0
2020-09-16 00:00:00+05:30,116.0,116.0,114.6,115.3,8008458,0
2020-09-17 00:00:00+05:30,115.3,117.2,115.05,115.7,13049747,0
2020-09-18 00:00:00+05:30,116.6,116.6,114.4,115.15,14614109,0
2020-09-21 00:00:00+05:30,115.15,115.55,112.75,113.25,9573634,0
2020-09-22 00:00:00+05:30,113.55,113.55,110.65,111.3,10043181,0
2020-09-23 00:00:00+05:30,111.5,114.05,110.75,112.7,9281260,0
2020-09-24 00:00:00+05:30,112.7,112.75,107.25,107.75,15979042,0
2020-09-25 00:00:00+05:30,107.95,109.5,106.05,109.0,15988811,0
2020-09-28 00:00:00+05:30,109.8,112.95,109.8,111.7,9443818,0
2020-09-29 00:00:00+05:30,112.8,113.15,109.05,109.55,12065797,0
2020-09-30 00:00:00+05:30,108.9,109.0,106.7,107.95,14036727,0
2020-10-01 00:00:00+05:30,109.0,111.45,108.3,109.15,9963716,0
2020-10-05 00:00:00+05:30,109.8,111.25,109.45,110.2,8141488,0
2020-10-06 00:00:00+05:30,111.1,111.1,108.25,108.75,11221877,0
2020-10-07 00:00:00+05:30,109.0,109.1,106.35,106.55,11941001,0
2020-10-08 00:00:00+05:30,106.75,107.05,104.85,105.5,11663413,0
2020-10-09 00:00:00+05:30,105.55,107.9,104.55,106.95,15958362,0
2020-10-12 00:00:00+05:30,107.35,107.55,105.0,105.4,7949877,0
2020-10-13 00:00:00+05:30,105.5,106.7,104.55,106.0,9702596,0
2020-10-14 00:00:00+05:30,105.4,106.1,102.05,102.9,19663423,0
2020-10-15 00:00:00+05:30,103.2,104.9,102.0,102.95,15481821,0
2020-10-16 00:00:00+05:30,103.6,104.95,102.05,103.65,12231070,0
2020-10-19 00:00:00+05:30,104.7,107.4,103.55,106.75,18111350,0
2020-10-20 00:00:00+05:30,107.15,108.1,105.3,105.8,16554188,0
2020-10-21 00:00:00+05:30,105.8,108.8,105.7,107.15,20421826,0
2020-10-22 00:00:00+05:30,107.05,108.65,106.2,107.8,13653952,0
2020-10-23 00:00:00+05:30,108.75,110.0,108.15,109.6,11876045,0
2020-10-26 00:00:00+05:30,109.8,109.8,106.3,106.65,11243328,0
2020-10-27 00:00:00+05:30,106.3,107.2,105.05,106.1,10985481,0
2020-10-28 00:00:00+05:30,106.1,106.1,104.6,104.9,9366429,0
2020-10-29 00:00:00+05:30,104.25,104.65,102.9,103.2,11415157,0
2020-10-30 00:00:00+05:30,103.9,107.25,103.4,106.3,17774954,0
2020-11-02 00:00:00+05:30,106.65,108.25,105.7,107.75,12785804,0
2020-11-03 00:00:00+05:30,107.65,109.15,107.65,108.45,12319486,0
2020-11-04 00:00:00+05:30,108.45,108.45,105.85,106.85,7382741,0
2020-11-05 00:00:00+05:30,108.3,112.25,107.3,111.6,14904921,0
2020-11-06 00:00:00+05:30,111.95,113.95,110.1,113.4,18908916,0
2020-11-09 00:00:00+05:30,114.4,114.4,112.3,113.35,14950332,0
2020-11-10 00:00:00+05:30,113.8,116.75,112.65,116.2,15808417,0
2020-11-11 00:00:00+05:30,117.25,117.45,115.05,117.2,16757799,0
2020-11-12 00:00:00+05:30,117.3,117.75,112.65,113.65,35738360,0
2020-11-13 00:00:00+05:30,114.05,117.6,112.85,117.2,23377931,0
2020-11-14 00:00:00+05:30,118.55,118.7,117.8,118.35,3308333,0
2020-11-17 00:00:00+05:30,119.4,120.4,118.4,119.8,20369194,0
2020-11-18 00:00:00+05:30,119.85,119.95,117.2,119.4,18943803,0
2020-11-19 00:00:00+05:30,113.35,115.7,112.5,113.6,29186699,0
2020-11-20 00:00:00+05:30,114.8,115.0,111.85,113.05,17573909,0
2020-11-23 00:00:00+05:30,112.9,114.95,111.5,114.25,17269543,0
2020-11-24 00:00:00+05:30,115.2,116.0,114.3,114.75,18199200,0
2020-11-25 00:00:00+05:30,115.35,118.0,114.75,115.35,22813211,0
2020-11-26 00:00:00+05:30,116.0,116.7,114.85,116.4,13694237,0
2020-11-27 00:00:00+05:30,116.8,118.6,116.35,116.9,25297333,0
2020-12-01 00:00:00+05:30,117.25,118.25,116.1,117.65,8927107,0
2020-12-02 00:00:00+05:30,118.25,122.1,117.65,120.8,21081119,0
2020-12-03 00:00:00+05:30,122.3,124.7,120.35,124.25,25834042,0
2020-12-04 00:00:00+05:30,124.9,125.65,122.05,124.1,19371235,0
2020-12-07 00:00:00+05:30,124.1,127.75,123.8,127.35,14127211,0
2020-12-08 00:00:00+05:30,127.95,128.2,123.8,124.95,21479953,0
2020-12-09 00:00:00+05:30,126.05,128.0,125.1,125.4,18755465,0
2020-12-10 00:00:00+05:30,125.85,126.1,123.65,125.55,11912807,0
2020-12-11 00:00:00+05:30,125.4,131.0,125.2,128.7,30559578,0
2020-12-14 00:00:00+05:30,130.05,134.25,129.5,133.45,35605748,0
2020-12-15 00:00:00+05:30,133.75,134.35,131.1,133.2,18775793,0
2020-12-16 00:00:00+05:30,134.35,135.9,133.6,135.45,16119571,0
2020-12-17 00:00:00+05:30,135.25,135.25,132.65,133.55,12374964,0
2020-12-18 00:00:00+05:30,133.55,133.75,129.85,131.95,13628707,0
2020-12-21 00:00:00+05:30,131.65,131.75,120.45,123.75,20132655,0
2020-12-22 00:00:00+05:30,123.35,126.7,120.85,126.15,17257059,0
2020-12-23 00:00:00+05:30,126.15,127.25,124.8,125.75,10091831,0
2020-12-24 00:00:00+05:30,126.9,129.5,126.25,126.8,14518171,0
2020-12-28 00:00:00+05:30,130.2,130.2,127.75,128.15,15223089,0
2020-12-29 00:00:00+05:30,129.3,130.0,125.3,125.8,21146540,0
2020-12-30 00:00:00+05:30,127.3,127.3,124.9,126.25,14180071,0
2020-12-31 00:00:00+05:30,126.25,127.25,125.45,126.1,15237166,0
2021-01-01 00:00:00+05:30,126.05,126.8,125.75,126.0,6995084,0
2021-01-04 00:00:00+05:30,127.4,128.25,126.4,127.8,11669647,0
2021-01-05 00:00:00+05:30,127.3,127.3,125.1,125.8,12371842,0
2021-01-06 00:00:00+05:30,126.05,127.85,124.55,125.8,14133415,0
2021-01-07 00:00:00+05:30,127.05,128.0,126.15,127.05,17298525,0
2021-01-08 00:00:00+05:30,127.65,131.2,127.65,130.05,27964099,0
2021-01-11 00:00:00+05:30,130.8,133.15,130.6,131.95,24790683,0
2021-01-12 00:00:00+05:30,132.65,137.4,131.95,136.5,28433070,0
2021-01-13 00:00:00+05:30,138.25,138.5,133.6,135.7,21154236,0
2021-01-14 00:00:00+05:30,136.45,137.95,134.85,136.5,14755992,0
2021-01-15 00:00:00+05:30,136.65,137.45,132.5,133.35,10647008,0
2021-01-18 00:00:00+05:30,133.4,133.95,127.15,129.1,17085592,0
2021-01-19 00:00:00+05:30,131.1,132.1,130.0,130.4,8951075,0
2021-01-20 00:00:00+05:30,130.8,132.1,129.05,131.75,11820498,0
2021-01-21 00:00:00+05:30,132.15,132.3,127.1,127.9,10828875,0
2021-01-22 00:00:00+05:30,127.9,128.25,123.35,124.0,14810848,0
2021-01-25 00:00:00+05:30,125.6,126.15,121.8,122.7,10157077,0
2021-01-27 00:00:00+05:30,122.85,123.4,119.8,120.25,11638766,0
2021-01-28 00:00:00+05:30,119.15,120.95,119.0,119.35,11970139,0
2021-01-29 00:00:00+05:30,120.35,120.7,116.6,117.2,15268785,0
2021-02-01 00:00:00+05:30,117.65,120.8,117.2,120.1,12808349,0
2021-02-02 00:00:00+05:30,121.95,123.65,120.7,122.2,15485139,0
2021-02-03 00:00:00+05:30,122.2,128.45,122.2,127.8,25483402,0
2021-02-04 00:00:00+05:30,128.35,134.25,127.35,133.7,30751754,0
2021-02-05 00:00:00+05:30,134.15,134.3,129.75,131.1,19930467,0
2021-02-08 00:00:00+05:30,131.3,132.55,130.6,131.8,11810439,0
2021-02-09 00:00:00+05:30,131.75,133.55,129.1,129.65,8579689,0
2021-02-10 00:00:00+05:30,130.2,130.85,127.35,128.75,8709612,0
2021-02-11 00:00:00+05:30,128.75,129.9,126.6,127.7,14150298,0
2021-02-12 00:00:00+05:30,127.05,127.55,123.6,124.6,16453706,0
2021-02-15 00:00:00+05:30,125.2,125.55,122.85,123.1,10557047,0
2021-02-16 00:00:00+05:30,123.15,126.05,123.15,124.55,11735144,0
2021-02-17 00:00:00+05:30,124.1,126.4,123.7,125.85,8950258,0
2021-02-18 00:00:00+05:30,125.7,131.45,124.75,130.25,22069738,0
2021-02-19 00:00:00+05:30,130.25,133.3,127.8,129.65,22944780,0
2021-02-22 00:00:00+05:30,129.25,129.8,125.8,126.8,20401387,0
2021-02-23 00:00:00+05:30,128.1,129.0,126.8,127.45,19178437,0
2021-02-24 00:00:00+05:30,130.25,135.0,129.9,134.4,38775957,0
2021-02-25 00:00:00+05:30,136.75,146.8,135.65,145.3,85580477,0
2021-02-26 00:00:00+05:30,145.35,151.75,140.1,141.7,94115857,0
2021-03-01 00:00:00+05:30,144.8,146.25,143.05,143.7,22306110,0
2021-03-02 00:00:00+05:30,143.7,145.35,141.95,142.8,17565134,0
2021-03-03 00:00:00+05:30,144.3,146.45,143.15,144.2,17610904,0
2021-03-04 00:00:00+05:30,143.35,144.2,141.2,141.55,17162557,0
2021-03-05 00:00:00+05:30,141.5,142.15,139.35,140.65,17323282,0
2021-03-08 00:00:00+05:30,143.25,145.2,141.8,142.6,18727656,0
2021-03-09 00:00:00+05:30,144.25,144.25,138.25,141.2,14621175,0
2021-03-10 00:00:00+05:30,142.5,142.7,139.1,140.55,10788943,0
2021-03-12 00:00:00+05:30,141.5,142.45,138.7,140.1,14835735,0
2021-03-15 00:00:00+05:30,136.35,137.45,134.75,136.75,15784630,0
2021-03-16 00:00:00+05:30,136.85,137.8,134.6,135.65,11857531,0
2021-03-17 00:00:00+05:30,135.05,135.4,129.9,130.15,15554810,0
2021-03-18 00:00:00+05:30,131.75,131.95,126.8,127.6,14401450,0
2021-03-19 00:00:00+05:30,126.6,130.3,124.3,126.85,33294812,0
2021-03-22 00:00:00+05:30,128.1,128.1,125.95,126.3,11414253,0
2021-03-23 00:00:00+05:30,126.25,127.2,124.8,125.9,8887103,0
2021-03-24 00:00:00+05:30,124.65,125.8,122.9,123.15,10865477,0
2021-03-25 00:00:00+05:30,122.85,123.9,118.3,119.25,18629600,0
2021-03-26 00:00:00+05:30,120.2,121.4,119.8,120.65,9505615,0
2021-03-30 00:00:00+05:30,121.95,125.15,121.15,123.75,20584678,0
2021-03-31 00:00:00+05:30,123.8,123.8,121.0,121.35,14900610,0
2021-04-01 00:00:00+05:30,122.4,123.25,121.55,123.0,6226087,0
2021-04-05 00:00:00+05:30,122.75,122.95,119.2,120.85,9012457,0
2021-04-06 00:00:00+05:30,121.8,122.7,120.4,121.3,6689423,0
2021-04-07 00:00:00+05:30,121.3,122.6,120.8,122.2,5657926,0
2021-04-08 00:00:00+05:30,122.25,124.55,122.15,122.6,9330363,0
2021-04-09 00:00:00+05:30,122.6,122.8,120.05,120.55,10149401,0
2021-04-12 00:00:00+05:30,119.15,119.4,115.1,116.1,11334755,0
2021-04-13 00:00:00+05:30,116.2,119.55,116.2,119.1,7809483,0
2021-04-15 00:00:00+05:30,119.1,121.75,118.2,119.4,8924391,0
2021-04-16 00:00:00+05:30,119.95,120.95,118.35,119.05,10358366,0
2021-04-19 00:00:00+05:30,116.95,117.25,114.9,116.0,7131534,0
2021-04-20 00:00:00+05:30,116.35,117.5,115.45,115.9,7738871,0
2021-04-22 00:00:00+05:30,116.05,116.85,115.4,116.4,8514980,0
2021-04-23 00:00:00+05:30,116.3,118.45,115.65,117.4,8992991,0
2021-04-26 00:00:00+05:30,118.95,119.15,117.75,118.2,4967884,0
2021-04-27 00:00:00+05:30,118.25,119.05,117.85,118.7,3982954,0
2021-04-28 00:00:00+05:30,119.15,120.5,118.7,119.6,6206074,0
2021-04-29 00:00:00+05:30,120.8,121.05,118.85,119.2,8345584,0
2021-04-30 00:00:00+05:30,118.6,125.3,118.25,123.85,27396950,0
2021-05-03 00:00:00+05:30,123.8,124.25,122.15,123.05,10262391,0
2021-05-04 00:00:00+05:30,123.4,126.4,123.1,123.65,9926789,0
2021-05-05 00:00:00+05:30,123.8,125.2,123.35,123.95,4877341,0
2021-05-06 00:00:00+05:30,124.9,126.1,124.55,125.3,7632817,0
2021-05-07 00:00:00+05:30,126.05,128.45,125.7,127.4,12644960,0
2021-05-10 00:00:00+05:30,127.65,138.25,127.65,136.9,45098431,0
2021-05-11 00:00:00+05:30,136.35,145.95,135.15,144.9,66582000,0
2021-05-12 00:00:00+05:30,145.1,148.65,141.3,142.9,42959024,0
2021-05-14 00:00:00+05:30,145.15,145.15,136.0,136.65,23140309,0
2021-05-17 00:00:00+05:30,136.85,138.85,134.05,137.9,17076463,0
2021-05-18 00:00:00+05:30,138.8,139.45,136.0,136.35,10295029,0
2021-05-19 00:00:00+05:30,136.35,141.95,135.1,141.35,23999878,0
2021-05-20 00:00:00+05:30,141.85,141.85,135.95,136.5,22983457,0
2021-05-21 00:00:00+05:30,136.85,139.3,136.7,137.05,13009821,0
2021-05-24 00:00:00+05:30,137.85,139.4,135.6,138.6,14192862,0
2021-05-25 00:00:00+05:30,139.45,139.6,136.95,137.3,10434892,0
2021-05-26 00:00:00+05:30,137.55,137.75,135.2,135.65,9948786,0
2021-05-27 00:00:00+05:30,135.65,136.2,134.15,134.55,24064196,0
2021-05-28 00:00:00+05:30,135.55,138.5,134.75,136.75,16465504,0
2021-05-31 00:00:00+05:30,136.9,138.15,135.05,137.5,11767444,0
2021-06-01 00:00:00+05:30,138.3,139.1,136.75,137.45,9307143,0
2021-06-02 00:00:00+05:30,137.35,139.55,136.85,138.8,10714318,0
2021-06-03 00:00:00+05:30,139.6,140.0,138.35,138.75,9282774,0
2021-06-04 00:00:00+05:30,138.7,143.75,137.95,142.55,29422387,0
2021-06-07 00:00:00+05:30,145.2,147.9,144.75,145.45,31071589,0
2021-06-08 00:00:00+05:30,146.55,146.65,142.25,145.2,12874065,0
2021-06-09 00:00:00+05:30,146.15,150.25,144.5,145.6,30443113,0
2021-06-10 00:00:00+05:30,146.25,147.8,144.95,145.7,11459484,0
2021-06-11 00:00:00+05:30,146.15,153.6,145.85,151.4,61728565,0
2021-06-14 00:00:00+05:30,152.65,152.65,144.85,148.35,30836595,0
2021-06-15 00:00:00+05:30,150.0,150.65,145.95,146.3,30153988,0
2021-06-16 00:00:00+05:30,146.45,147.85,144.15,144.85,14098443,0
2021-06-17 00:00:00+05:30,144.3,144.7,140.95,141.65,15784276,0
2021-06-18 00:00:00+05:30,142.45,143.15,135.1,136.3,24823176,0
2021-06-21 00:00:00+05:30,135.9,137.75,133.6,137.35,15038290,0
2021-06-22 00:00:00+05:30,138.6,139.2,137.55,138.45,12494441,0
2021-06-23 00:00:00+05:30,139.5,140.2,137.9,138.2,7983220,0
2021-06-24 00:00:00+05:30,138.2,138.8,135.9,136.3,12929173,0
2021-06-25 00:00:00+05:30,136.6,138.95,136.6,138.5,7400514,0
2021-06-28 00:00:00+05:30,136.95,138.7,136.85,137.05,8217659,0
2021-06-29 00:00:00+05:30,136.95,137.65,134.0,134.5,21576435,0
2021-06-30 00:00:00+05:30,135.55,137.25,135.1,136.5,12919448,0
2021-07-01 00:00:00+05:30,136.45,137.15,135.45,135.6,5668038,0
2021-07-02 00:00:00+05:30,136.85,138.4,135.95,137.5,20805994,0
2021-07-05 00:00:00+05:30,137.75,140.1,137.45,139.55,10401054,0
2021-07-06 00:00:00+05:30,139.65,140.3,136.75,137.35,9579038,0
2021-07-07 00:00:00+05:30,137.35,138.5,136.4,137.4,6067804,0
2021-07-08 00:00:00+05:30,136.85,137.9,135.3,136.15,12349670,0
2021-07-09 00:00:00+05:30,136.15,137.35,135.6,136.55,4963821,0
2021-07-12 00:00:00+05:30,136.65,137.6,136.0,136.3,4010172,0
2021-07-13 00:00:00+05:30,136.85,138.25,136.5,137.85,5717442,0
2021-07-14 00:00:00+05:30,137.7,139.1,137.1,137.9,7216739,0
2021-07-15 00:00:00+05:30,137.75,138.15,135.6,136.55,7257500,0
2021-07-16 00:00:00+05:30,136.6,137.8,135.3,135.5,10819800,0
2021-07-19 00:00:00+05:30,135.0,136.3,134.05,134.45,5158738,0
2021-07-20 00:00:00+05:30,134.5,135.05,131.95,133.05,6271740,0
2021-07-22 00:00:00+05:30,134.05,135.35,133.35,134.7,4772582,0
2021-07-23 00:00:00+05:30,134.7,135.0,133.45,134.15,3419739,0
2021-07-26 00:00:00+05:30,134.05,135.45,133.35,134.05,4423596,0
2021-07-27 00:00:00+05:30,134.5,135.25,132.25,132.6,4245486,0
2021-07-28 00:00:00+05:30,133.55,134.3,131.3,134.1,8834228,0
2021-07-29 00:00:00+05:30,134.1,134.65,132.1,132.3,8237916,0
2021-07-30 00:00:00+05:30,132.45,134.9,131.5,133.4,9526451,0
2021-08-02 00:00:00+05:30,134.3,134.9,133.2,133.95,6164197,0
2021-08-03 00:00:00+05:30,133.95,134.75,133.15,134.25,5648929,0
2021-08-04 00:00:00+05:30,134.2,137.2,134.2,134.7,8839351,0
2021-08-05 00:00:00+05:30,135.0,135.8,132.35,135.4,6237158,0
2021-08-06 00:00:00+05:30,135.55,138.2,135.25,136.0,10812438,0
2021-08-09 00:00:00+05:30,137.35,137.6,132.5,133.35,12986298,0
2021-08-10 00:00:00+05:30,133.8,134.25,131.05,132.35,14022502,0
2021-08-11 00:00:00+05:30,133.05,134.35,131.4,134.0,8356558,0
2021-08-12 00:00:00+05:30,134.1,136.55,133.8,134.4,7685737,0
2021-08-13 00:00:00+05:30,135.05,136.2,133.3,133.8,9455100,0
2021-08-16 00:00:00+05:30,133.85,134.2,131.95,132.15,5259207,0
2021-08-17 00:00:00+05:30,132.25,132.7,127.75,129.65,13714266,0
2021-08-18 00:00:00+05:30,129.65,130.55,128.45,128.8,7654460,0
2021-08-20 00:00:00+05:30,128.0,128.5,125.7,126.25,8877297,0
2021-08-23 00:00:00+05:30,126.85,126.95,123.6,124.7,7768805,0
2021-08-24 00:00:00+05:30,125.05,127.45,124.7,126.8,7452062,0
2021-08-25 00:00:00+05:30,127.05,129.55,127.05,129.25,7817617,0
2021-08-26 00:00:00+05:30,129.25,129.8,126.9,127.85,6845692,0
2021-08-27 00:00:00+05:30,128.35,129.7,127.6,128.95,4418540,0
2021-08-30 00:00:00+05:30,129.0,134.0,129.0,133.7,11333690,0
2021-08-31 00:00:00+05:30,133.7,136.05,133.35,135.75,14301855,0
2021-09-01 00:00:00+05:30,136.45,136.5,133.95,134.25,8415876,0
2021-09-02 00:00:00+05:30,133.85,133.85,131.45,131.85,7787657,0
2021-09-03 00:00:00+05:30,132.1,137.0,131.95,136.25,12734022,0
2021-09-06 00:00:00+05:30,137.55,137.6,134.3,136.25,9712271,0
2021-09-07 00:00:00+05:30,136.85,137.85,135.5,137.05,9475870,0
2021-09-08 00:00:00+05:30,137.2,139.5,136.2,138.85,7873034,0
2021-09-09 00:00:00+05:30,138.85,140.55,137.75,138.4,9519564,0
2021-09-13 00:00:00+05:30,139.3,145.1,139.0,143.9,35672746,0
2021-09-14 00:00:00+05:30,144.65,144.8,142.8,144.0,8804432,0
2021-09-15 00:00:00+05:30,144.8,151.05,143.6,149.95,24591822,0
2021-09-16 00:00:00+05:30,150.95,151.75,146.7,151.1,18440504,0
2021-09-17 00:00:00+05:30,151.45,152.05,144.7,145.9,17317065,0
2021-09-20 00:00:00+05:30,145.1,146.7,142.25,143.55,12541523,0
2021-09-21 00:00:00+05:30,144.9,147.05,142.85,145.6,13645046,0
2021-09-22 00:00:00+05:30,146.4,151.25,144.3,150.9,18861877,0
2021-09-23 00:00:00+05:30,152.4,158.25,151.85,155.8,31399318,0
2021-09-24 00:00:00+05:30,156.5,157.75,151.65,154.6,17259638,0
2021-09-27 00:00:00+05:30,155.5,157.5,153.95,155.5,9099672,0
2021-09-28 00:00:00+05:30,156.85,164.1,156.55,162.5,41551332,0
2021-09-29 00:00:00+05:30,162.45,183.4,160.85,172.85,100988643,0
2021-09-30 00:00:00+05:30,174.6,178.25,171.4,172.35,48957916,0
2021-10-01 00:00:00+05:30,172.55,176.75,169.8,175.65,25492957,0
2021-10-04 00:00:00+05:30,179.2,179.95,175.3,176.8,23341448,0
2021-10-05 00:00:00+05:30,177.8,185.2,177.25,184.25,42359592,0
2021-10-06 00:00:00+05:30,186.2,189.7,178.45,179.55,41926821,0
2021-10-07 00:00:00+05:30,181.3,181.5,176.2,177.55,16517664,0
2021-10-08 00:00:00+05:30,177.9,178.45,171.4,175.45,28978175,0
2021-10-11 00:00:00+05:30,178.75,185.9,178.4,183.25,34952223,0
2021-10-12 00:00:00+05:30,185.45,187.15,178.05,179.9,25216411,0
2021-10-13 00:00:00+05:30,180.6,181.1,176.25,176.9,17378156,0
2021-10-14 00:00:00+05:30,176.85,178.55,169.7,171.1,29542941,0
2021-10-18 00:00:00+05:30,172.05,174.75,170.7,172.5,15468914,0
2021-10-19 00:00:00+05:30,174.4,175.9,170.9,171.75,17403803,0
2021-10-20 00:00:00+05:30,170.1,170.7,165.15,168.05,15921230,0
2021-10-21 00:00:00+05:30,169.4,170.35,166.55,169.8,15586097,0
2021-10-22 00:00:00+05:30,170.7,171.55,163.2,163.75,13603152,0
2021-10-25 00:00:00+05:30,164.05,165.05,161.05,162.05,11744666,0
2021-10-26 00:00:00+05:30,161.05,163.85,159.85,162.95,11602891,0
2021-10-27 00:00:00+05:30,163.55,164.45,160.85,161.6,9535881,0
2021-10-28 00:00:00+05:30,161.05,161.05,154.45,155.05,24509136,0
2021-10-29 00:00:00+05:30,153.6,157.8,152.05,153.1,14826816,0
2021-11-01 00:00:00+05:30,153.6,160.05,152.45,158.95,13585170,0
2021-11-02 00:00:00+05:30,159.6,161.75,156.7,157.55,14278962,0
2021-11-03 00:00:00+05:30,156.55,159.3,155.8,158.0,8974463,0
2021-11-04 00:00:00+05:30,159.4,159.6,158.0,158.9,973260,0
2021-11-08 00:00:00+05:30,159.2,162.15,156.85,159.8,8761953,0
2021-11-09 00:00:00+05:30,160.15,160.5,157.85,158.7,5723308,0
2021-11-10 00:00:00+05:30,158.15,159.05,154.95,155.2,9212143,0
2021-11-11 00:00:00+05:30,154.4,156.05,153.8,155.5,6453205,0
2021-11-12 00:00:00+05:30,157.2,157.2,154.25,155.45,7027513,0
2021-11-15 00:00:00+05:30,152.9,156.0,148.5,148.7,19400018,0
2021-11-16 00:00:00+05:30,149.9,150.45,147.65,148.1,8505431,0
2021-11-17 00:00:00+05:30,148.1,148.25,144.9,145.3,7477627,0
2021-11-18 00:00:00+05:30,145.25,146.85,142.45,142.8,12981172,0
2021-11-22 00:00:00+05:30,141.7,142.35,138.8,140.15,11522286,0
2021-11-23 00:00:00+05:30,139.6,145.95,139.6,145.4,13305061,0
2021-11-24 00:00:00+05:30,147.35,150.45,144.85,148.1,18809310,0
2021-11-25 00:00:00+05:30,150.35,151.55,145.2,147.6,22402592,0
2021-11-26 00:00:00+05:30,146.85,148.4,144.65,145.1,11829847,0
2021-11-29 00:00:00+05:30,145.1,145.85,141.4,143.6,18176163,0
2021-11-30 00:00:00+05:30,147.55,147.55,140.9,141.5,56643275,0
2021-12-01 00:00:00+05:30,143.0,145.45,142.0,144.85,16283427,0
2021-12-02 00:00:00+05:30,146.05,148.55,144.45,148.3,15647910,0
2021-12-03 00:00:00+05:30,148.05,149.6,147.3,148.7,20414051,0
2021-12-06 00:00:00+05:30,141.5,141.9,137.85,138.3,24185368,0
2021-12-07 00:00:00+05:30,139.7,140.55,138.85,140.25,7866368,0
2021-12-08 00:00:00+05:30,140.8,141.25,139.65,140.5,7313306,0
2021-12-09 00:00:00+05:30,141.25,142.9,140.25,142.1,9423435,0
2021-12-10 00:00:00+05:30,142.1,143.1,140.5,140.85,7419042,0
2021-12-13 00:00:00+05:30,142.25,142.25,137.7,138.7,9888293,0
2021-12-14 00:00:00+05:30,138.7,139.4,136.6,138.6,8474759,0
2021-12-15 00:00:00+05:30,138.85,140.2,137.7,137.85,5410912,0
2021-12-16 00:00:00+05:30,137.85,139.7,137.4,139.4,7539061,0
2021-12-17 00:00:00+05:30,138.8,139.1,135.9,136.35,8758284,0
2021-12-20 00:00:00+05:30,135.35,135.6,129.55,131.0,8858645,0
2021-12-21 00:00:00+05:30,132.0,135.9,131.65,134.65,8097050,0
2021-12-22 00:00:00+05:30,135.4,139.1,134.45,135.35,6798820,0
2021-12-23 00:00:00+05:30,136.15,137.7,135.9,137.5,4857807,0
2021-12-24 00:00:00+05:30,137.75,137.9,135.35,135.8,4568316,0
2021-12-27 00:00:00+05:30,135.0,136.4,134.15,135.95,3534825,0
2021-12-28 00:00:00+05:30,136.15,138.95,136.15,138.55,4907497,0
2021-12-29 00:00:00+05:30,138.95,138.95,136.2,136.6,4216568,0
2021-12-30 00:00:00+05:30,136.6,138.7,133.95,136.1,24782255,0
2021-12-31 00:00:00+05:30,135.85,137.4,135.35,135.95,5320232,0
2022-01-03 00:00:00+05:30,137.1,145.15,136.85,144.6,29486720,0
2022-01-04 00:00:00+05:30,145.2,145.85,141.8,142.45,13744440,0
2022-01-05 00:00:00+05:30,142.45,143.65,141.6,143.05,8454060,0
2022-01-06 00:00:00+05:30,143.8,144.55,142.5,143.95,12446900,0
2022-01-07 00:00:00+05:30,144.3,146.6,144.25,146.1,11679683,0
2022-01-10 00:00:00+05:30,146.9,149.9,146.2,149.6,14655298,0
2022-01-11 00:00:00+05:30,149.55,149.55,147.15,147.6,7670386,0
2022-01-12 00:00:00+05:30,149.3,149.65,147.55,148.35,6334581,0
2022-01-13 00:00:00+05:30,148.35,154.95,148.05,153.4,20271714,0
2022-01-14 00:00:00+05:30,153.4,154.65,152.0,153.4,10211720,0
2022-01-17 00:00:00+05:30,154.15,154.6,150.85,152.35,8384625,0
2022-01-18 00:00:00+05:30,152.65,154.1,149.2,149.7,6574122,0
2022-01-19 00:00:00+05:30,149.9,153.45,149.7,152.55,11503199,0
2022-01-20 00:00:00+05:30,153.15,156.6,152.5,153.65,17462235,0
2022-01-21 00:00:00+05:30,152.05,152.05,146.65,147.8,14466758,0
2022-01-24 00:00:00+05:30,147.25,149.3,144.1,145.5,10854431,0
2022-01-25 00:00:00+05:30,144.3,150.4,143.65,150.05,7267866,0
2022-01-27 00:00:00+05:30,147.95,150.2,147.05,149.45,9269062,0
2022-01-28 00:00:00+05:30,149.5,153.6,149.5,150.45,10310726,0
2022-01-31 00:00:00+05:30,152.15,152.15,148.15,148.75,5811200,0
2022-02-01 00:00:00+05:30,150.8,152.2,147.65,151.8,7248713,0
2022-02-02 00:00:00+05:30,151.75,153.25,151.05,152.5,5369074,0
2022-02-03 00:00:00+05:30,151.85,152.8,149.5,150.2,4654885,0
2022-02-04 00:00:00+05:30,150.2,151.55,148.95,149.3,6402287,0
2022-02-07 00:00:00+05:30,149.55,151.75,148.6,149.85,5871041,0
2022-02-08 00:00:00+05:30,150.65,151.25,147.4,148.9,14158927,0
2022-02-09 00:00:00+05:30,149.4,157.65,148.95,156.95,35079516,0
2022-02-10 00:00:00+05:30,157.35,158.55,153.6,156.45,17724098,0
2022-02-11 00:00:00+05:30,156.35,157.65,153.8,155.0,10097767,0
2022-02-14 00:00:00+05:30,154.6,154.75,150.05,150.45,9478670,0
2022-02-15 00:00:00+05:30,151.5,153.45,148.8,152.3,16850616,0
2022-02-16 00:00:00+05:30,153.85,154.5,151.55,152.5,10653203,0
2022-02-17 00:00:00+05:30,153.35,154.1,151.45,151.8,6906440,0
2022-02-18 00:00:00+05:30,151.75,156.6,151.35,155.75,23740696,0
2022-02-21 00:00:00+05:30,151.9,152.25,148.8,150.1,14870901,0
2022-02-22 00:00:00+05:30,148.5,149.55,144.8,148.85,11654816,0
2022-02-23 00:00:00+05:30,149.25,151.1,147.25,147.55,7627472,0
2022-02-24 00:00:00+05:30,143.35,145.95,138.7,139.6,12115340,0
2022-02-25 00:00:00+05:30,141.7,153.5,141.7,152.2,17079977,0
2022-02-28 00:00:00+05:30,151.25,158.2,149.45,157.8,20872239,0
2022-03-02 00:00:00+05:30,159.2,172.8,159.2,172.05,72648396,0
2022-03-03 00:00:00+05:30,176.5,184.1,173.95,175.9,74050073,0
2022-03-04 00:00:00+05:30,175.9,177.8,168.05,168.5,36095156,0
2022-03-07 00:00:00+05:30,173.1,178.75,169.15,175.65,41642776,0
2022-03-08 00:00:00+05:30,175.95,178.45,173.7,176.1,22940456,0
2022-03-09 00:00:00+05:30,176.85,177.45,172.75,173.75,13870658,0
2022-03-10 00:00:00+05:30,171.3,171.3,164.85,166.6,30890343,0
2022-03-11 00:00:00+05:30,168.5,169.9,166.9,169.2,14663558,0
2022-03-14 00:00:00+05:30,168.5,169.55,165.55,167.9,8306420,0
2022-03-15 00:00:00+05:30,167.45,167.55,159.65,160.95,14074860,0
2022-03-16 00:00:00+05:30,161.05,165.5,160.95,164.7,11846738,0
2022-03-17 00:00:00+05:30,166.65,167.55,163.35,164.35,20052773,0
2022-03-21 00:00:00+05:30,165.55,173.5,165.2,169.7,20271556,0
2022-03-22 00:00:00+05:30,170.95,172.95,168.05,170.7,12372751,0
2022-03-23 00:00:00+05:30,170.0,171.5,166.95,170.4,13731315,0
2022-03-24 00:00:00+05:30,171.0,175.5,170.65,174.45,16323203,0
2022-03-25 00:00:00+05:30,174.45,175.85,171.85,173.25,10044811,0
2022-03-28 00:00:00+05:30,173.25,180.3,172.65,178.05,19132062,0
2022-03-29 00:00:00+05:30,178.75,178.9,172.65,173.15,10622472,0
2022-03-30 00:00:00+05:30,174.95,174.95,169.4,170.3,10298319,0
2022-03-31 00:00:00+05:30,171.4,172.15,169.1,170.4,9435203,0
2022-04-01 00:00:00+05:30,171.1,174.35,170.65,173.3,13505929,0
2022-04-04 00:00:00+05:30,172.65,175.95,171.85,174.75,9490374,0
2022-04-05 00:00:00+05:30,175.0,175.9,173.95,174.9,7637664,0
2022-04-06 00:00:00+05:30,175.65,183.4,175.3,180.45,46157039,0
2022-04-07 00:00:00+05:30,181.55,183.45,176.75,177.6,21712301,0
2022-04-08 00:00:00+05:30,181.25,185.1,179.05,181.1,20151959,0
2022-04-11 00:00:00+05:30,181.05,184.3,179.95,182.85,12393619,0
2022-04-12 00:00:00+05:30,182.2,182.2,171.55,173.15,18907630,0
2022-04-13 00:00:00+05:30,175.0,178.1,172.85,173.7,14216953,0
2022-04-18 00:00:00+05:30,173.7,177.75,171.85,176.35,13052104,0
2022-04-19 00:00:00+05:30,178.2,189.2,177.5,184.1,59341710,0
2022-04-20 00:00:00+05:30,186.15,191.35,183.5,185.35,38356653,0
2022-04-21 00:00:00+05:30,187.3,193.55,187.15,192.65,43683145,0
2022-04-22 00:00:00+05:30,191.8,194.6,187.3,188.2,24007670,0
2022-04-25 00:00:00+05:30,185.85,188.25,173.85,175.45,26465084,0
2022-04-26 00:00:00+05:30,178.9,179.0,175.45,178.15,20819291,0
2022-04-27 00:00:00+05:30,177.65,178.55,173.7,174.55,12214126,0
2022-04-28 00:00:00+05:30,175.95,179.2,174.25,177.1,12706800,0
2022-04-29 00:00:00+05:30,179.2,179.7,169.3,170.25,21654415,0
2022-05-02 00:00:00+05:30,170.1,175.85,166.5,174.65,21289439,0
2022-05-04 00:00:00+05:30,175.7,177.55,173.6,174.4,18239949,0
2022-05-05 00:00:00+05:30,176.4,178.7,171.95,173.0,12651103,0
2022-05-06 00:00:00+05:30,171.75,175.9,170.4,174.45,14257553,0
2022-05-09 00:00:00+05:30,173.1,173.1,169.0,170.4,10549451,0
2022-05-10 00:00:00+05:30,169.4,171.15,157.15,158.3,19965511,0
2022-05-11 00:00:00+05:30,159.8,161.7,153.85,158.1,20641617,0
2022-05-12 00:00:00+05:30,156.25,158.45,153.3,155.5,10406343,0
2022-05-13 00:00:00+05:30,158.25,161.65,156.4,157.05,11590435,0
2022-05-16 00:00:00+05:30,157.8,160.85,156.25,159.8,7437937,0
2022-05-17 00:00:00+05:30,161.45,172.25,161.2,171.8,28092052,0
2022-05-18 00:00:00+05:30,173.5,174.55,169.25,172.7,15425248,0
2022-05-19 00:00:00+05:30,168.6,170.8,168.25,168.7,9396007,0
2022-05-20 00:00:00+05:30,171.75,173.95,170.85,173.1,6365038,0
2022-05-23 00:00:00+05:30,173.1,173.85,169.8,171.55,7794071,0
2022-05-24 00:00:00+05:30,170.75,173.85,168.7,169.75,8572565,0
2022-05-25 00:00:00+05:30,171.45,172.7,167.6,168.25,7926434,0
2022-05-26 00:00:00+05:30,171.25,173.15,165.45,170.6,23140556,0
2022-05-27 00:00:00+05:30,171.75,175.65,168.05,169.3,16408080,0
2022-05-30 00:00:00+05:30,171.3,174.9,169.95,174.3,10577525,0
2022-05-31 00:00:00+05:30,173.15,181.75,172.45,179.6,21380248,0
2022-06-01 00:00:00+05:30,181.05,183.65,179.9,182.5,30867456,0
2022-06-02 00:00:00+05:30,182.95,185.45,180.9,184.5,17646759,0
2022-06-03 00:00:00+05:30,186.2,187.15,182.65,183.4,25335178,0
2022-06-06 00:00:00+05:30,182.95,183.2,179.9,181.4,22020642,0
2022-06-07 00:00:00+05:30,180.25,186.15,180.2,183.9,12961285,0
2022-06-08 00:00:00+05:30,184.3,188.0,182.95,184.0,13059792,0
2022-06-09 00:00:00+05:30,183.35,186.55,182.95,185.05,10562238,0
2022-06-10 00:00:00+05:30,183.7,185.5,182.7,184.8,6741014,0
2022-06-13 00:00:00+05:30,183.1,183.75,176.45,177.85,8516696,0
2022-06-14 00:00:00+05:30,176.05,181.05,176.05,178.9,6727598,0
2022-06-15 00:00:00+05:30,178.85,180.45,176.1,176.9,5805589,0
2022-06-16 00:00:00+05:30,178.3,179.5,166.75,167.45,14490962,0
2022-06-17 00:00:00+05:30,167.55,172.1,167.0,170.05,15215695,0
2022-06-20 00:00:00+05:30,169.3,169.3,162.7,164.65,23276003,0
2022-06-21 00:00:00+05:30,165.7,172.8,165.7,172.05,7564329,0
2022-06-22 00:00:00+05:30,172.0,172.0,166.65,167.0,6560404,0
2022-06-23 00:00:00+05:30,167.85,169.4,162.8,164.95,9304799,0
2022-06-24 00:00:00+05:30,166.3,167.95,162.75,164.35,8171322,0
2022-06-27 00:00:00+05:30,167.55,170.2,165.15,169.45,7063839,0
2022-06-28 00:00:00+05:30,168.65,174.05,168.25,173.55,9844211,0
2022-06-29 00:00:00+05:30,173.15,177.1,170.95,175.7,16856241,0
2022-06-30 00:00:00+05:30,175.1,175.95,169.95,172.75,8693744,0
2022-07-01 00:00:00+05:30,172.25,173.3,164.4,170.6,17248729,0
2022-07-04 00:00:00+05:30,170.6,172.85,166.75,169.45,8780396,0
2022-07-05 00:00:00+05:30,170.35,172.45,169.2,169.85,5313753,0
2022-07-06 00:00:00+05:30,169.9,170.25,165.7,169.15,9367397,0
2022-07-07 00:00:00+05:30,171.25,173.7,168.9,173.15,6322630,0
2022-07-08 00:00:00+05:30,174.15,178.65,174.15,176.7,14647592,0
2022-07-11 00:00:00+05:30,175.9,180.9,174.8,179.95,9048841,0
2022-07-12 00:00:00+05:30,179.5,181.8,178.85,180.5,6942704,0
2022-07-13 00:00:00+05:30,180.5,182.6,179.7,180.05,7842930,0
2022-07-14 00:00:00+05:30,180.6,181.95,177.15,178.75,6795141,0
2022-07-15 00:00:00+05:30,179.7,180.5,176.3,180.0,5610793,0
2022-07-18 00:00:00+05:30,181.05,183.3,180.45,182.05,7600779,0
2022-07-19 00:00:00+05:30,181.5,185.8,180.6,184.55,9913955,0
2022-07-20 00:00:00+05:30,185.8,186.55,183.75,184.15,5519522,0
2022-07-21 00:00:00+05:30,184.15,185.65,182.75,184.9,6167419,0
2022-07-22 00:00:00+05:30,184.9,186.05,183.2,183.5,4844223,0
2022-07-25 00:00:00+05:30,183.85,187.75,181.15,187.05,10207034,0
2022-07-26 00:00:00+05:30,187.5,189.25,185.75,188.35,12853314,0
2022-07-27 00:00:00+05:30,188.4,190.55,187.85,189.4,7343180,0
2022-07-28 00:00:00+05:30,189.9,190.85,187.4,188.85,5096403,0
2022-07-29 00:00:00+05:30,189.5,197.8,189.2,196.65,12477455,0
2022-08-01 00:00:00+05:30,197.85,198.95,195.3,198.05,7849924,0
2022-08-02 00:00:00+05:30,198.3,202.2,197.0,200.35,12615631,0
2022-08-03 00:00:00+05:30,200.1,200.1,194.4,197.45,9949919,0
2022-08-04 00:00:00+05:30,197.5,198.7,191.9,192.85,8058280,0
2022-08-05 00:00:00+05:30,193.15,195.75,191.55,194.05,31999040,0
2022-08-08 00:00:00+05:30,195.0,201.2,192.75,200.5,16358151,0
2022-08-10 00:00:00+05:30,200.95,205.25,200.55,204.65,14267910,0
2022-08-11 00:00:00+05:30,210.4,211.15,202.95,203.5,28800337,0
2022-08-12 00:00:00+05:30,203.9,206.9,202.7,206.35,8861089,0
2022-08-16 00:00:00+05:30,208.9,208.9,205.25,207.55,7844356,0
2022-08-17 00:00:00+05:30,208.05,208.05,204.95,206.15,6119157,0
2022-08-18 00:00:00+05:30,206.15,207.3,205.4,206.45,4233196,0
2022-08-19 00:00:00+05:30,206.35,206.35,200.8,202.15,8783707,0
2022-08-22 00:00:00+05:30,200.7,205.7,199.25,203.25,10390480,0
2022-08-23 00:00:00+05:30,202.05,208.25,201.65,207.5,9344364,0
2022-08-24 00:00:00+05:30,207.4,210.4,206.65,208.2,10825973,0
2022-08-25 00:00:00+05:30,208.25,211.45,208.25,209.4,13077805,0
2022-08-26 00:00:00+05:30,211.95,216.0,210.85,214.05,12673156,0
2022-08-29 00:00:00+05:30,206.1,215.6,206.1,214.7,8757016,0
2022-08-30 00:00:00+05:30,215.8,219.2,214.95,218.6,12991363,0
2022-09-01 00:00:00+05:30,218.15,220.45,213.7,214.4,9682321,0
2022-09-02 00:00:00+05:30,215.0,216.4,212.45,213.45,4599518,0
2022-09-05 00:00:00+05:30,214.1,216.3,212.75,215.6,4909470,0
2022-09-06 00:00:00+05:30,216.65,218.45,215.0,216.65,5307321,0
2022-09-07 00:00:00+05:30,216.85,222.75,216.3,222.35,12751679,0
2022-09-08 00:00:00+05:30,223.9,223.9,218.8,220.15,7677716,0
2022-09-09 00:00:00+05:30,221.1,221.55,217.2,221.2,8436280,0
2022-09-12 00:00:00+05:30,222.05,222.5,212.25,215.5,19053188,0
2022-09-13 00:00:00+05:30,216.65,219.05,214.75,215.3,9884429,0
2022-09-14 00:00:00+05:30,214.25,217.65,213.7,215.95,7705022,0
2022-09-15 00:00:00+05:30,217.0,218.7,216.2,218.1,5386854,0
2022-09-16 00:00:00+05:30,217.7,217.85,213.7,215.05,8750965,0
2022-09-19 00:00:00+05:30,215.0,216.6,212.9,214.0,4011597,0
2022-09-20 00:00:00+05:30,215.0,217.65,212.9,213.95,6890375,0
2022-09-21 00:00:00+05:30,213.95,216.65,211.45,215.55,5673523,0
2022-09-22 00:00:00+05:30,214.05,215.3,209.9,211.35,7677219,0
2022-09-23 00:00:00+05:30,209.45,211.3,205.75,207.5,5495315,0
2022-09-26 00:00:00+05:30,205.75,206.75,197.85,200.6,7832594,0
2022-09-27 00:00:00+05:30,201.1,204.5,198.05,199.1,5795048,0
2022-09-28 00:00:00+05:30,197.05,198.65,194.5,196.25,6134706,0
2022-09-29 00:00:00+05:30,197.15,200.25,196.1,199.1,8962595,0
2022-09-30 00:00:00+05:30,198.3,201.1,193.5,197.6,12875386,0
2022-10-03 00:00:00+05:30,198.3,202.95,197.65,200.1,11397506,0
2022-10-04 00:00:00+05:30,203.25,208.55,203.05,207.8,10862095,0
2022-10-06 00:00:00+05:30,209.45,217.95,209.15,217.35,12795784,0
2022-10-07 00:00:00+05:30,216.9,217.4,212.05,213.85,14641624,0
2022-10-10 00:00:00+05:30,211.3,216.0,210.95,213.95,10850668,0
2022-10-11 00:00:00+05:30,215.0,215.0,208.55,209.85,19154740,0
2022-10-12 00:00:00+05:30,209.95,216.9,209.95,216.05,9256951,0
2022-10-13 00:00:00+05:30,216.15,219.3,215.1,218.35,7231841,0
2022-10-14 00:00:00+05:30,222.4,222.4,219.1,220.05,6241886,0
2022-10-17 00:00:00+05:30,220.05,222.1,216.85,221.55,5623812,0
2022-10-18 00:00:00+05:30,222.05,225.45,220.5,225.0,6674374,0
2022-10-19 00:00:00+05:30,225.3,226.2,220.6,221.75,13886387,0
2022-10-20 00:00:00+05:30,220.6,225.75,217.45,224.35,10755972,0
2022-10-21 00:00:00+05:30,224.35,224.65,221.6,222.25,3285505,0
2022-10-24 00:00:00+05:30,224.25,225.0,223.45,223.9,730136,0
2022-10-25 00:00:00+05:30,223.9,224.3,221.5,223.4,6976548,0
2022-10-27 00:00:00+05:30,224.3,224.9,222.45,224.25,6422639,0
2022-10-28 00:00:00+05:30,225.3,230.7,223.95,227.55,14076967,0
2022-10-31 00:00:00+05:30,229.0,230.4,226.7,228.95,8365329,0
2022-11-01 00:00:00+05:30,229.9,229.9,226.45,228.7,8813106,0
2022-11-02 00:00:00+05:30,228.7,232.35,225.45,228.8,14974441,0
2022-11-03 00:00:00+05:30,227.15,230.5,224.35,229.2,6754654,0
2022-11-04 00:00:00+05:30,229.7,231.55,228.55,229.05,5511411,0
2022-11-07 00:00:00+05:30,230.2,234.0,229.75,232.3,10513106,0
2022-11-09 00:00:00+05:30,237.85,245.2,237.0,238.15,40391668,0
2022-11-10 00:00:00+05:30,240.15,242.55,234.7,236.1,20832572,0
2022-11-11 00:00:00+05:30,240.9,241.0,235.0,235.75,20165337,0
2022-11-14 00:00:00+05:30,237.0,238.55,229.25,230.1,18762693,0
2022-11-15 00:00:00+05:30,218.2,222.35,214.7,216.1,20225373,0
2022-11-16 00:00:00+05:30,217.2,219.2,214.5,218.7,9764275,0
2022-11-17 00:00:00+05:30,218.55,218.55,215.0,216.35,5737884,0
2022-11-18 00:00:00+05:30,216.4,217.4,212.45,213.7,6413585,0
2022-11-21 00:00:00+05:30,213.15,214.5,211.05,213.6,6430876,0
2022-11-22 00:00:00+05:30,212.8,214.8,211.9,213.25,5885877,0
2022-11-23 00:00:00+05:30,214.1,215.1,213.15,214.7,5693274,0
2022-11-24 00:00:00+05:30,214.85,215.8,211.65,212.75,8198891,0
2022-11-25 00:00:00+05:30,213.8,217.5,212.05,215.4,10046363,0
2022-11-28 00:00:00+05:30,214.65,216.7,212.65,213.95,8146840,0
2022-11-29 00:00:00+05:30,214.3,215.3,210.7,211.5,6628470,0
2022-11-30 00:00:00+05:30,211.5,213.05,210.9,211.55,12154948,0
2022-12-01 00:00:00+05:30,212.65,214.5,209.4,210.5,22435771,0
2022-12-02 00:00:00+05:30,210.5,212.25,209.7,210.95,6325649,0
2022-12-05 00:00:00+05:30,210.95,215.8,210.85,215.25,8732711,0
2022-12-06 00:00:00+05:30,216.0,216.45,213.65,215.65,7394839,0
2022-12-07 00:00:00+05:30,216.1,216.1,212.9,213.85,4519547,0
2022-12-08 00:00:00+05:30,213.8,215.25,213.15,214.5,3135706,0
2022-12-09 00:00:00+05:30,214.65,216.3,212.05,213.05,4197165,0
2022-12-12 00:00:00+05:30,212.6,217.55,212.35,216.35,7881379,0
2022-12-13 00:00:00+05:30,217.25,218.25,215.1,215.55,4878457,0
2022-12-14 00:00:00+05:30,215.75,217.05,215.35,216.1,4730078,0
2022-12-15 00:00:00+05:30,215.9,216.55,211.95,212.45,5221433,0
2022-12-16 00:00:00+05:30,212.25,214.0,207.85,209.15,7757065,0
2022-12-19 00:00:00+05:30,209.15,212.1,209.0,211.6,4073907,0
2022-12-20 00:00:00+05:30,211.25,211.25,207.9,210.5,3784271,0
2022-12-21 00:00:00+05:30,210.85,211.95,206.7,208.4,3675466,0
2022-12-22 00:00:00+05:30,208.6,210.15,203.95,207.35,4755089,0
2022-12-23 00:00:00+05:30,204.8,207.55,199.4,200.2,6561011,0
2022-12-26 00:00:00+05:30,200.2,206.3,199.45,205.5,3116608,0
2022-12-27 00:00:00+05:30,206.65,207.55,204.45,205.95,2961726,0
2022-12-28 00:00:00+05:30,205.95,208.75,205.35,207.75,3015714,0
2022-12-29 00:00:00+05:30,205.55,208.85,205.25,206.35,4784105,0
2022-12-30 00:00:00+05:30,206.9,210.8,206.9,209.5,4102247,0
2023-01-02 00:00:00+05:30,211.1,211.5,208.65,209.25,4210225,0
2023-01-03 00:00:00+05:30,209.45,210.15,207.6,208.6,3643132,0
2023-01-04 00:00:00+05:30,208.85,209.0,201.3,202.15,9550461,0
2023-01-05 00:00:00+05:30,201.85,203.8,200.3,203.1,8815728,0
2023-01-06 00:00:00+05:30,203.9,204.7,197.35,199.45,12237065,0
2023-01-09 00:00:00+05:30,200.45,202.65,199.2,200.1,6967190,0
2023-01-10 00:00:00+05:30,200.15,202.25,199.4,201.8,5400260,0
2023-01-11 00:00:00+05:30,202.25,203.4,197.55,198.65,7637956,0
2023-01-12 00:00:00+05:30,200.6,202.05,198.1,199.1,7161675,0
2023-01-13 00:00:00+05:30,199.4,200.8,198.8,200.2,3671193,0
2023-01-16 00:00:00+05:30,200.6,201.0,197.8,199.0,3987352,0
2023-01-17 00:00:00+05:30,199.0,200.25,196.55,198.4,5871758,0
2023-01-18 00:00:00+05:30,199.05,202.3,198.45,201.9,6441530,0
2023-01-19 00:00:00+05:30,201.8,209.3,200.25,208.5,12938871,0
2023-01-20 00:00:00+05:30,209.35,213.4,207.4,211.3,13444947,0
2023-01-23 00:00:00+05:30,212.75,214.5,211.5,214.2,8736715,0
2023-01-24 00:00:00+05:30,214.3,216.0,211.5,211.85,4252051,0
2023-01-25 00:00:00+05:30,212.05,212.25,208.3,210.55,3855827,0
2023-01-27 00:00:00+05:30,211.3,211.9,204.15,207.05,6171667,0
2023-01-30 00:00:00+05:30,207.05,211.15,205.5,210.25,6172517,0
2023-01-31 00:00:00+05:30,209.45,212.6,208.45,209.35,7424552,0
2023-02-01 00:00:00+05:30,212.25,212.25,199.35,205.4,24008324,0
2023-02-02 00:00:00+05:30,205.75,206.4,202.05,202.6,6806578,0
2023-02-03 00:00:00+05:30,202.95,205.45,199.8,203.8,8776614,0
2023-02-06 00:00:00+05:30,204.05,205.15,200.75,204.4,5742881,0
2023-02-07 00:00:00+05:30,204.4,205.85,202.05,204.5,4907167,0
2023-02-08 00:00:00+05:30,199.95,202.15,199.35,200.6,6316867,0
2023-02-09 00:00:00+05:30,201.1,201.85,198.45,199.75,4383159,0
2023-02-10 00:00:00+05:30,199.2,199.6,196.4,196.85,4954439,0
2023-02-13 00:00:00+05:30,196.85,198.95,194.7,198.35,6142208,0
2023-02-14 00:00:00+05:30,198.35,199.5,196.55,197.1,6758731,0
2023-02-15 00:00:00+05:30,196.45,199.0,195.8,198.2,9612884,0
2023-02-16 00:00:00+05:30,198.75,201.55,198.4,200.55,13093683,0
2023-02-17 00:00:00+05:30,200.05,203.2,199.4,202.45,7243093,0
2023-02-20 00:00:00+05:30,202.8,203.85,201.05,203.25,8479587,0
2023-02-21 00:00:00+05:30,203.7,204.05,198.6,199.25,4655766,0
2023-02-22 00:00:00+05:30,199.75,200.95,196.95,197.2,6003852,0
2023-02-23 00:00:00+05:30,198.25,201.05,197.8,200.1,6219715,0
2023-02-24 00:00:00+05:30,201.1,202.25,199.9,202.05,5154174,0
2023-02-27 00:00:00+05:30,202.05,202.95,200.2,202.0,4841279,0
2023-02-28 00:00:00+05:30,201.65,202.0,197.35,200.5,6054079,0
2023-03-01 00:00:00+05:30,200.5,203.9,199.7,203.65,4510175,0
2023-03-02 00:00:00+05:30,203.65,208.95,202.3,207.5,11354939,0
2023-03-03 00:00:00+05:30,208.45,210.8,207.05,207.55,7089438,0
2023-03-06 00:00:00+05:30,207.55,209.9,206.45,209.4,4771341,0
2023-03-08 00:00:00+05:30,209.35,209.6,207.3,209.35,4271464,0
2023-03-09 00:00:00+05:30,209.35,211.3,208.2,209.3,4263468,0
2023-03-10 00:00:00+05:30,207.55,209.7,206.15,208.85,3670173,0
2023-03-13 00:00:00+05:30,208.7,210.15,204.2,205.55,3877606,0
2023-03-14 00:00:00+05:30,205.55,207.45,203.75,205.75,5723922,0
2023-03-15 00:00:00+05:30,206.6,207.75,204.4,204.7,2992144,0
2023-03-16 00:00:00+05:30,203.45,207.1,201.4,205.6,4988245,0
2023-03-17 00:00:00+05:30,206.65,210.35,204.9,206.35,15720256,0
2023-03-20 00:00:00+05:30,204.8,206.3,200.8,202.05,4244575,0
2023-03-21 00:00:00+05:30,203.1,203.85,201.05,202.05,3998751,0
2023-03-22 00:00:00+05:30,201.95,201.95,198.4,199.15,9675449,0
2023-03-23 00:00:00+05:30,198.4,199.95,197.75,198.6,4730918,0
2023-03-24 00:00:00+05:30,198.5,199.1,193.65,194.05,6611089,0
2023-03-27 00:00:00+05:30,194.1,195.7,193.25,194.0,4002212,0
2023-03-28 00:00:00+05:30,194.9,196.65,194.05,194.5,6157526,0
2023-03-29 00:00:00+05:30,195.45,200.1,194.0,198.25,16734166,0
2023-03-31 00:00:00+05:30,197.55,199.5,196.55,198.9,5139018,0
2023-04-03 00:00:00+05:30,199.3,205.6,199.0,204.95,7754066,0
2023-04-05 00:00:00+05:30,205.1,208.75,205.1,207.15,6491910,0
2023-04-06 00:00:00+05:30,207.1,207.7,205.1,206.4,4589598,0
2023-04-10 00:00:00+05:30,206.15,208.95,205.85,206.7,3498235,0
2023-04-11 00:00:00+05:30,207.4,208.8,206.65,208.2,3995959,0
2023-04-12 00:00:00+05:30,208.55,212.25,208.2,211.95,5136012,0
2023-04-13 00:00:00+05:30,212.15,213.8,208.95,209.9,3478451,0
2023-04-17 00:00:00+05:30,209.9,214.05,209.8,213.75,6265943,0
2023-04-18 00:00:00+05:30,213.75,216.35,213.4,216.15,8004952,0
2023-04-19 00:00:00+05:30,217.45,218.4,213.15,214.5,7424582,0
2023-04-20 00:00:00+05:30,214.0,215.5,213.25,213.7,2589165,0
2023-04-21 00:00:00+05:30,214.1,214.55,211.75,214.15,2459508,0
2023-04-24 00:00:00+05:30,213.7,216.0,213.7,215.55,2587030,0
2023-04-25 00:00:00+05:30,215.15,216.25,214.0,214.35,2570946,0
2023-04-26 00:00:00+05:30,214.1,214.75,212.25,213.85,3439487,0
2023-04-27 00:00:00+05:30,213.85,216.45,213.3,215.75,3349374,0
2023-04-28 00:00:00+05:30,216.45,218.55,215.6,217.0,4771074,0
2023-05-02 00:00:00+05:30,217.05,221.05,217.0,219.8,3773537,0
2023-05-03 00:00:00+05:30,219.75,222.4,218.4,220.5,4523385,0
2023-05-04 00:00:00+05:30,220.5,221.55,218.0,221.05,7248108,0
2023-05-05 00:00:00+05:30,221.4,221.55,219.7,221.0,3043479,0
2023-05-08 00:00:00+05:30,216.45,217.25,214.1,216.8,9711437,0
2023-05-09 00:00:00+05:30,218.6,222.35,217.35,220.05,7318928,0
2023-05-10 00:00:00+05:30,220.55,220.85,218.35,220.25,3650159,0
2023-05-11 00:00:00+05:30,220.25,221.7,219.4,219.85,2675726,0
2023-05-12 00:00:00+05:30,219.85,220.85,218.1,218.8,2348435,0
2023-05-15 00:00:00+05:30,218.4,223.05,217.7,221.3,4217892,0
2023-05-16 00:00:00+05:30,222.3,225.0,221.05,224.3,6016484,0
2023-05-17 00:00:00+05:30,224.3,226.85,224.15,224.9,4968232,0
2023-05-18 00:00:00+05:30,225.3,226.1,222.4,223.05,3512113,0
2023-05-19 00:00:00+05:30,223.45,224.9,220.0,223.35,3810543,0
2023-05-22 00:00:00+05:30,222.85,224.5,221.05,222.25,2891415,0
2023-05-23 00:00:00+05:30,222.4,223.6,220.45,222.75,3213453,0
2023-05-24 00:00:00+05:30,221.85,224.8,221.55,224.35,2422138,0
2023-05-25 00:00:00+05:30,224.55,225.5,221.45,223.45,3810138,0
2023-05-26 00:00:00+05:30,223.25,225.7,222.55,224.8,2646742,0
2023-05-29 00:00:00+05:30,224.85,230.55,224.2,229.1,8069985,0
2023-05-30 00:00:00+05:30,229.25,230.05,226.5,227.45,4657906,0
2023-05-31 00:00:00+05:30,230.8,230.8,222.75,224.55,15727646,0
2023-06-01 00:00:00+05:30,214.5,215.9,213.3,214.45,35509867,0
2023-06-02 00:00:00+05:30,212.75,217.25,212.35,214.95,36400588,0
2023-06-05 00:00:00+05:30,214.6,215.2,213.6,213.85,19807347,0
2023-06-06 00:00:00+05:30,213.9,214.75,211.1,212.05,13495524,0
2023-06-07 00:00:00+05:30,212.95,215.5,212.35,214.8,21853324,0
2023-06-08 00:00:00+05:30,215.4,215.4,211.9,212.35,8538256,0
2023-06-09 00:00:00+05:30,213.15,213.6,211.65,211.9,5137982,0
2023-06-12 00:00:00+05:30,212.5,213.4,211.0,213.15,4261576,0
2023-06-13 00:00:00+05:30,214.1,214.4,212.25,213.15,5574798,0
2023-06-14 00:00:00+05:30,214.0,214.0,211.8,213.15,7034468,0
2023-06-15 00:00:00+05:30,213.35,213.8,212.15,212.85,6363240,0
2023-06-16 00:00:00+05:30,212.75,213.85,212.25,212.8,8518319,0
2023-06-19 00:00:00+05:30,212.75,213.0,210.95,211.45,8210198,0
2023-06-20 00:00:00+05:30,212.0,212.0,209.9,211.55,5024593,0
2023-06-21 00:00:00+05:30,212.05,213.0,210.8,212.7,4705567,0
2023-06-22 00:00:00+05:30,212.65,213.75,210.95,211.3,6566989,0
2023-06-23 00:00:00+05:30,211.4,211.8,209.3,210.3,3881707,0
2023-06-26 00:00:00+05:30,210.4,210.8,207.8,208.8,6145625,0
2023-06-27 00:00:00+05:30,210.7,211.15,208.45,209.6,6282912,0
2023-06-28 00:00:00+05:30,209.6,211.9,208.65,211.55,19512531,0
2023-06-30 00:00:00+05:30,212.15,215.35,211.1,215.0,7850296,0
2023-07-03 00:00:00+05:30,215.5,217.6,213.95,215.65,7860203,0
2023-07-04 00:00:00+05:30,216.2,216.75,214.4,215.8,3662791,0
2023-07-05 00:00:00+05:30,215.8,216.8,214.2,215.4,4859892,0
2023-07-06 00:00:00+05:30,215.4,219.7,215.0,218.4,7254947,0
2023-07-07 00:00:00+05:30,216.0,219.55,215.7,217.85,6393850,0
2023-07-10 00:00:00+05:30,218.75,219.3,216.8,217.6,6223180,0
2023-07-11 00:00:00+05:30,217.65,219.5,217.35,217.85,10775084,0
2023-07-12 00:00:00+05:30,218.75,220.9,217.5,218.2,11313272,0
2023-07-13 00:00:00+05:30,218.75,219.05,213.15,214.0,20205328,0
2023-07-14 00:00:00+05:30,214.1,216.05,213.85,215.05,7390502,0
2023-07-17 00:00:00+05:30,215.0,216.6,213.85,214.3,4963515,0
2023-07-18 00:00:00+05:30,213.85,216.4,211.8,212.5,6168942,0
2023-07-19 00:00:00+05:30,213.35,214.0,212.45,212.85,5247533,0
2023-07-20 00:00:00+05:30,212.85,214.8,212.0,213.85,3195629,0
2023-07-21 00:00:00+05:30,213.75,214.6,212.8,213.15,3903407,0
2023-07-24 00:00:00+05:30,213.15,216.0,212.8,215.0,3456895,0
2023-07-25 00:00:00+05:30,216.25,216.3,213.05,214.05,11024983,0
2023-07-26 00:00:00+05:30,214.65,215.2,213.1,214.6,7574284,0
2023-07-27 00:00:00+05:30,215.0,215.9,212.4,213.2,7837850,0
2023-07-28 00:00:00+05:30,213.75,214.05,211.2,211.4,8817344,0
2023-07-31 00:00:00+05:30,212.75,214.05,211.2,213.4,19422170,0
2023-08-01 00:00:00+05:30,214.1,224.6,213.15,223.75,22409256,0
2023-08-02 00:00:00+05:30,224.45,226.35,216.25,218.35,25003960,0
2023-08-03 00:00:00+05:30,218.35,218.85,213.6,214.15,13949266,0
2023-08-04 00:00:00+05:30,216.75,220.2,214.6,217.6,6725977,0
2023-08-07 00:00:00+05:30,218.55,219.7,216.25,216.85,6744074,0
2023-08-08 00:00:00+05:30,216.9,219.15,213.45,214.35,13828141,0
2023-08-09 00:00:00+05:30,217.1,219.4,214.7,218.55,35271302,0
2023-08-10 00:00:00+05:30,218.55,220.45,218.25,218.7,10749822,0
2023-08-11 00:00:00+05:30,217.85,219.3,217.6,218.7,6132454,0
2023-08-14 00:00:00+05:30,219.7,219.9,214.8,217.75,6092872,0
2023-08-16 00:00:00+05:30,217.85,218.6,216.05,216.95,4576249,0
2023-08-17 00:00:00+05:30,217.55,217.75,215.1,216.25,5602132,0
2023-08-18 00:00:00+05:30,212.75,213.15,211.3,211.75,6904019,0
2023-08-21 00:00:00+05:30,211.75,214.9,211.3,214.2,4955953,0
2023-08-22 00:00:00+05:30,214.5,216.0,213.85,214.85,4280368,0
2023-08-23 00:00:00+05:30,215.25,215.5,214.4,214.95,2524601,0
2023-08-24 00:00:00+05:30,215.85,216.6,212.75,213.4,6378317,0
2023-08-25 00:00:00+05:30,213.15,214.2,211.75,211.95,3890957,0
2023-08-28 00:00:00+05:30,212.75,214.15,211.75,213.6,3360861,0
2023-08-29 00:00:00+05:30,213.6,214.5,212.95,214.05,3112560,0
2023-08-30 00:00:00+05:30,214.2,214.85,212.75,212.95,4086281,0
2023-08-31 00:00:00+05:30,213.15,214.55,212.65,214.15,10403460,0
2023-09-01 00:00:00+05:30,214.8,220.85,214.75,220.5,14869577,0
2023-09-04 00:00:00+05:30,222.3,231.75,221.7,230.7,24785966,0
2023-09-05 00:00:00+05:30,232.1,238.25,230.4,237.7,19654487,0
2023-09-06 00:00:00+05:30,238.3,240.0,235.1,238.15,13346191,0
2023-09-07 00:00:00+05:30,238.3,255.75,237.2,255.1,72255521,0
2023-09-08 00:00:00+05:30,255.6,264.8,252.15,262.65,41855413,0
2023-09-11 00:00:00+05:30,264.4,264.6,258.1,259.65,14505153,0
2023-09-12 00:00:00+05:30,260.65,260.7,250.4,252.05,17547706,0
2023-09-13 00:00:00+05:30,252.75,262.05,250.4,260.35,17607568,0
2023-09-14 00:00:00+05:30,261.85,262.7,257.55,258.4,12033796,0
2023-09-15 00:00:00+05:30,259.25,264.55,258.4,260.0,13288180,0
2023-09-18 00:00:00+05:30,260.0,263.2,255.5,261.8,8754852,0
2023-09-20 00:00:00+05:30,260.2,268.1,259.8,264.7,18615797,0
2023-09-21 00:00:00+05:30,265.2,266.95,259.35,261.1,11071899,0
2023-09-22 00:00:00+05:30,260.65,266.35,259.9,263.75,8691024,0
2023-09-25 00:00:00+05:30,264.7,269.05,261.7,268.15,9118957,0
2023-09-26 00:00:00+05:30,268.5,271.25,266.4,266.9,11256196,0
2023-09-27 00:00:00+05:30,268.1,273.15,264.8,271.4,12805340,0
2023-09-28 00:00:00+05:30,271.4,273.85,269.05,270.15,12432497,0
2023-09-29 00:00:00+05:30,272.55,276.95,271.25,274.8,8640829,0
2023-10-03 00:00:00+05:30,276.5,276.55,270.1,271.75,9348540,0
2023-10-04 00:00:00+05:30,270.7,271.35,266.15,268.05,6338888,0
2023-10-05 00:00:00+05:30,268.85,270.45,264.3,269.35,8687014,0
2023-10-06 00:00:00+05:30,270.85,270.9,267.15,267.95,3741467,0
2023-10-09 00:00:00+05:30,266.3,269.0,263.5,267.95,4647845,0
2023-10-10 00:00:00+05:30,268.35,282.9,267.95,282.3,23283411,0
2023-10-11 00:00:00+05:30,283.5,283.9,278.75,281.0,12321154,0
2023-10-12 00:00:00+05:30,281.65,287.75,281.05,286.0,15375295,0
2023-10-13 00:00:00+05:30,283.9,289.35,283.4,286.7,9516879,0
2023-10-16 00:00:00+05:30,286.6,292.0,285.35,290.45,10535107,0
2023-10-17 00:00:00+05:30,291.35,296.35,290.55,295.5,7760527,0
2023-10-18 00:00:00+05:30,295.45,297.7,293.5,295.05,9662837,0
2023-10-19 00:00:00+05:30,293.5,293.9,287.5,293.05,8977527,0
2023-10-20 00:00:00+05:30,290.9,294.8,288.2,290.8,6009115,0
2023-10-23 00:00:00+05:30,290.95,291.25,283.9,285.0,8086150,0
2023-10-25 00:00:00+05:30,285.0,291.1,283.9,288.85,7253336,0
2023-10-26 00:00:00+05:30,287.8,287.8,281.95,284.15,8329092,0
2023-10-27 00:00:00+05:30,284.9,295.25,284.9,292.3,10503070,0
2023-10-30 00:00:00+05:30,293.25,294.0,290.4,292.8,6229982,0
2023-10-31 00:00:00+05:30,294.85,294.9,289.25,292.5,7446586,0
2023-11-01 00:00:00+05:30,291.55,294.0,284.75,285.45,9593653,0
2023-11-02 00:00:00+05:30,287.6,291.2,286.05,287.5,7071960,0
2023-11-03 00:00:00+05:30,289.15,292.95,288.85,290.45,4658440,0
2023-11-06 00:00:00+05:30,291.55,297.5,291.35,294.65,10340818,0
2023-11-07 00:00:00+05:30,294.6,296.75,292.0,292.5,6826885,0
2023-11-08 00:00:00+05:30,294.2,296.2,292.8,295.5,6424833,0
2023-11-09 00:00:00+05:30,296.45,302.05,293.9,301.2,15503280,0
2023-11-10 00:00:00+05:30,302.0,303.6,299.35,301.05,8445203,0
2023-11-12 00:00:00+05:30,307.25,313.45,305.55,308.9,10263484,0
2023-11-13 00:00:00+05:30,310.0,325.8,307.45,325.25,42178783,0
2023-11-15 00:00:00+05:30,334.2,334.2,324.5,326.35,35092206,0
2023-11-16 00:00:00+05:30,328.6,330.0,321.05,321.95,17617280,0
2023-11-17 00:00:00+05:30,323.95,324.45,318.65,321.4,13542916,0
2023-11-20 00:00:00+05:30,323.95,328.05,320.15,323.75,19032608,0
2023-11-21 00:00:00+05:30,314.6,317.85,308.8,313.85,15148068,0
2023-11-22 00:00:00+05:30,315.3,317.3,309.9,311.9,7599447,0
2023-11-23 00:00:00+05:30,312.25,315.55,309.9,314.05,6186567,0
2023-11-24 00:00:00+05:30,314.9,316.85,311.85,312.55,7054445,0
2023-11-28 00:00:00+05:30,314.4,321.65,312.95,321.1,10791886,0
2023-11-29 00:00:00+05:30,322.05,323.95,317.5,321.5,14149513,0
2023-11-30 00:00:00+05:30,323.95,323.95,317.45,321.3,11959336,0
2023-12-01 00:00:00+05:30,322.85,329.7,321.6,325.55,15105221,0
2023-12-04 00:00:00+05:30,329.7,338.05,329.3,333.1,22705896,0
2023-12-05 00:00:00+05:30,334.0,334.75,328.65,333.85,15782945,0
2023-12-06 00:00:00+05:30,334.1,340.4,328.15,330.7,14817158,0
2023-12-07 00:00:00+05:30,332.25,332.25,327.15,330.5,8507659,0
2023-12-08 00:00:00+05:30,330.55,336.55,325.7,329.6,13444251,0
2023-12-11 00:00:00+05:30,329.6,336.75,329.6,332.1,11420609,0
2023-12-12 00:00:00+05:30,332.55,333.0,324.1,326.3,8789103,0
2023-12-13 00:00:00+05:30,328.1,328.45,322.75,324.15,8091533,0
2023-12-14 00:00:00+05:30,327.9,329.75,324.7,326.4,13142466,0
2023-12-15 00:00:00+05:30,328.65,332.75,327.2,328.65,14331890,0
2023-12-18 00:00:00+05:30,329.6,329.8,321.45,326.45,7959685,0
2023-12-19 00:00:00+05:30,325.4,347.2,325.4,344.55,28937243,0
2023-12-20 00:00:00+05:30,346.5,349.15,328.65,330.7,23224408,0
2023-12-21 00:00:00+05:30,329.7,335.0,325.0,333.8,10028664,0
2023-12-22 00:00:00+05:30,337.1,345.0,334.7,341.1,13916380,0
2023-12-26 00:00:00+05:30,341.6,349.15,340.4,343.75,11910267,0
2023-12-27 00:00:00+05:30,344.6,346.7,340.3,343.3,7890042,0
2023-12-28 00:00:00+05:30,344.4,359.15,343.5,357.7,28310022,0
2023-12-29 00:00:00+05:30,358.25,358.45,351.45,353.1,8859317,0
2024-01-01 00:00:00+05:30,354.8,363.2,354.45,358.55,11124690,0
2024-01-02 00:00:00+05:30,363.8,371.75,360.8,368.7,28363847,0
2024-01-03 00:00:00+05:30,370.7,370.7,360.45,361.1,12903439,0
2024-01-04 00:00:00+05:30,364.15,366.05,360.5,361.3,11039940,0
2024-01-05 00:00:00+05:30,363.2,364.8,359.15,360.8,8369460,0
2024-01-08 00:00:00+05:30,362.85,364.95,356.15,357.2,9424716,0
2024-01-09 00:00:00+05:30,360.25,364.3,358.8,361.85,9473743,0
2024-01-10 00:00:00+05:30,362.35,362.35,352.95,358.8,9670366,0
2024-01-11 00:00:00+05:30,362.0,365.2,359.95,360.9,9163771,0
2024-01-12 00:00:00+05:30,362.3,362.3,356.4,357.85,7471050,0
2024-01-15 00:00:00+05:30,359.15,364.25,358.15,361.2,7490747,0
2024-01-16 00:00:00+05:30,361.9,363.35,354.05,358.65,10165133,0
2024-01-17 00:00:00+05:30,358.55,361.85,354.2,356.5,10996538,0
2024-01-18 00:00:00+05:30,357.55,359.2,345.6,352.75,12493835,0
2024-01-19 00:00:00+05:30,357.45,361.4,356.0,359.9,15893456,0
2024-01-20 00:00:00+05:30,362.9,377.05,361.0,374.5,26121433,0
2024-01-23 00:00:00+05:30,378.9,380.1,350.85,352.4,16406737,0
2024-01-24 00:00:00+05:30,356.65,364.15,351.45,359.25,22938994,0
2024-01-25 00:00:00+05:30,363.2,367.85,361.85,365.65,13440949,0
2024-01-29 00:00:00+05:30,368.95,389.4,367.65,387.65,27149058,0
2024-01-30 00:00:00+05:30,390.4,390.45,377.15,378.0,14159072,0
2024-01-31 00:00:00+05:30,380.35,384.2,375.95,381.35,23750822,0
2024-02-01 00:00:00+05:30,383.9,386.75,377.95,381.9,8862155,0
2024-02-02 00:00:00+05:30,385.75,397.1,384.7,394.2,25177075,0
2024-02-05 00:00:00+05:30,397.45,422.55,391.7,413.4,31418925,0
2024-02-06 00:00:00+05:30,417.7,423.5,410.6,421.3,13386526,0
2024-02-07 00:00:00+05:30,426.3,432.5,420.5,425.05,14430152,0
2024-02-08 00:00:00+05:30,427.1,440.05,422.55,431.2,18790158,0
2024-02-09 00:00:00+05:30,434.05,435.5,409.05,428.4,17472069,0
2024-02-12 00:00:00+05:30,429.1,429.55,403.8,406.4,19472346,0
2024-02-13 00:00:00+05:30,416.75,429.95,407.55,424.8,35665854,0
2024-02-14 00:00:00+05:30,424.1,439.45,416.0,437.95,18592696,0
2024-02-15 00:00:00+05:30,440.4,451.9,439.05,447.75,18501875,0
2024-02-16 00:00:00+05:30,453.0,457.9,448.4,450.75,14513583,0
2024-02-19 00:00:00+05:30,453.35,457.75,427.65,432.85,19798448,0
2024-02-20 00:00:00+05:30,430.05,430.05,414.15,419.3,27899165,0
2024-02-21 00:00:00+05:30,423.5,423.5,404.75,406.55,19032050,0
2024-02-22 00:00:00+05:30,411.3,420.7,401.85,418.0,22083710,0
2024-02-23 00:00:00+05:30,420.7,422.2,414.7,416.85,9625544,0
2024-02-26 00:00:00+05:30,416.85,419.95,413.7,415.35,7570244,0
2024-02-27 00:00:00+05:30,415.35,418.15,408.55,414.45,8343526,0
2024-02-28 00:00:00+05:30,413.45,415.85,404.1,407.7,8893614,0
2024-02-29 00:00:00+05:30,416.95,416.95,403.45,410.1,11711699,0
2024-03-01 00:00:00+05:30,411.3,421.45,411.3,419.15,8411615,0
2024-03-02 00:00:00+05:30,419.9,422.55,419.25,421.15,1085461,0
2024-03-04 00:00:00+05:30,424.3,430.1,420.75,427.6,11977226,0
2024-03-05 00:00:00+05:30,428.2,433.6,425.9,432.6,9605493,0
2024-03-06 00:00:00+05:30,434.25,436.6,417.45,433.45,14061966,0
2024-03-07 00:00:00+05:30,433.45,437.0,428.25,430.65,9680802,0
2024-03-11 00:00:00+05:30,432.85,434.6,424.85,426.2,7824738,0
2024-03-12 00:00:00+05:30,426.2,428.0,419.5,421.9,8409613,0
2024-03-13 00:00:00+05:30,421.9,422.45,385.0,391.65,17803423,0
2024-03-14 00:00:00+05:30,393.45,402.7,387.05,401.6,20478918,0
2024-03-15 00:00:00+05:30,401.6,401.95,376.75,389.95,25435001,0
2024-03-18 00:00:00+05:30,390.6,397.65,388.35,396.1,9803914,0
2024-03-19 00:00:00+05:30,391.6,398.7,388.75,393.5,8373676,0
2024-03-20 00:00:00+05:30,394.2,397.05,387.55,393.95,6950340,0
2024-03-21 00:00:00+05:30,398.15,407.1,397.35,405.7,9911230,0
2024-03-22 00:00:00+05:30,404.65,409.6,402.2,405.6,9172888,0
2024-03-26 00:00:00+05:30,407.35,414.1,404.65,409.35,9389403,0
2024-03-27 00:00:00+05:30,412.95,412.95,400.05,403.25,17985246,0
2024-03-28 00:00:00+05:30,403.75,411.7,403.75,407.65,10332853,0
2024-04-01 00:00:00+05:30,410.1,416.75,408.3,415.1,7256592,0
2024-04-02 00:00:00+05:30,415.1,420.95,409.45,416.15,11530800,0
2024-04-03 00:00:00+05:30,416.15,419.75,414.05,418.3,6972648,0
2024-04-04 00:00:00+05:30,422.55,425.85,415.6,421.5,14743020,0
2024-04-05 00:00:00+05:30,421.4,421.5,416.95,419.7,4820138,0
2024-04-08 00:00:00+05:30,421.65,423.0,417.45,420.1,3980972,0
2024-04-09 00:00:00+05:30,421.35,422.85,410.6,413.0,8005012,0
2024-04-10 00:00:00+05:30,415.6,430.65,415.15,428.55,15825331,0
2024-04-12 00:00:00+05:30,427.25,435.2,424.95,427.8,11259294,0
2024-04-15 00:00:00+05:30,421.6,428.0,414.25,423.5,7680715,0
2024-04-16 00:00:00+05:30,421.65,428.6,419.15,425.55,4996845,0
2024-04-18 00:00:00+05:30,427.2,428.95,408.65,411.85,10945138,0
2024-04-19 00:00:00+05:30,409.4,411.85,401.95,408.75,7628287,0
2024-04-22 00:00:00+05:30,414.05,417.4,411.3,415.95,6396926,0
2024-04-23 00:00:00+05:30,418.55,418.55,412.45,414.1,5390120,0
2024-04-24 00:00:00+05:30,414.6,421.35,414.3,416.8,6538090,0
2024-04-25 00:00:00+05:30,416.0,426.3,414.8,424.85,10858594,0
2024-04-26 00:00:00+05:30,426.3,432.4,424.65,428.0,7209435,0
2024-04-29 00:00:00+05:30,430.75,430.75,423.1,425.6,5305655,0
2024-04-30 00:00:00+05:30,428.6,430.45,424.5,426.6,6021793,0
2024-05-02 00:00:00+05:30,429.65,431.5,422.0,426.2,14980896,0
2024-05-03 00:00:00+05:30,430.0,446.8,422.0,445.65,51071947,0
2024-05-06 00:00:00+05:30,449.8,452.1,416.95,432.55,36408390,0
2024-05-07 00:00:00+05:30,434.75,440.85,425.25,428.2,13728379,0
2024-05-08 00:00:00+05:30,428.85,442.65,427.35,436.15,16978094,0
2024-05-09 00:00:00+05:30,436.95,439.2,414.4,416.45,15601338,0
2024-05-10 00:00:00+05:30,419.9,423.6,413.4,422.0,9190621,0
2024-05-13 00:00:00+05:30,423.7,424.25,408.2,416.95,11107909,0
2024-05-14 00:00:00+05:30,419.5,423.2,417.95,421.35,6592194,0
2024-05-15 00:00:00+05:30,422.55,441.35,422.1,439.35,23543942,0
2024-05-16 00:00:00+05:30,440.1,446.0,429.95,439.75,17232651,0
2024-05-17 00:00:00+05:30,440.45,444.8,438.3,441.6,10625019,0
2024-05-18 00:00:00+05:30,444.05,444.15,440.0,441.05,986166,0
2024-05-21 00:00:00+05:30,441.05,463.8,441.05,460.7,27356982,0
2024-05-22 00:00:00+05:30,464.35,476.4,461.65,471.15,28346931,0
2024-05-23 00:00:00+05:30,472.7,473.1,462.1,467.0,14378840,0
2024-05-24 00:00:00+05:30,465.75,474.6,459.3,470.45,12190536,0
2024-05-27 00:00:00+05:30,472.3,472.35,460.8,464.3,8811105,0
2024-05-28 00:00:00+05:30,465.8,465.95,454.6,457.9,8165238,0
2024-05-29 00:00:00+05:30,452.7,461.9,452.7,456.75,8014727,0
2024-05-30 00:00:00+05:30,456.4,458.2,450.25,452.75,7725080,0
2024-05-31 00:00:00+05:30,454.9,463.05,449.8,461.25,11223848,0
2024-06-03 00:00:00+05:30,483.6,495.25,474.75,481.1,24416215,0
2024-06-04 00:00:00+05:30,481.1,481.15,385.75,414.95,48046493,0
2024-06-05 00:00:00+05:30,424.45,434.6,399.2,432.5,18966089,0
2024-06-06 00:00:00+05:30,441.35,454.9,436.35,444.1,21757857,0
2024-06-07 00:00:00+05:30,444.15,451.95,439.1,449.95,8317343,0
2024-06-10 00:00:00+05:30,455.4,458.25,446.5,448.6,10958537,0
2024-06-11 00:00:00+05:30,452.6,454.0,446.2,447.35,11169021,0
2024-06-12 00:00:00+05:30,451.65,464.15,450.1,458.9,15412796,0
2024-06-13 00:00:00+05:30,463.8,463.8,454.0,458.15,7438571,0
2024-06-14 00:00:00+05:30,458.15,462.35,455.65,457.25,5974636,0
2024-06-18 00:00:00+05:30,462.0,462.85,455.6,459.2,6946544,0
2024-06-19 00:00:00+05:30,459.55,461.25,447.45,448.8,8962510,0
2024-06-20 00:00:00+05:30,451.7,457.7,442.8,453.7,7864157,0
2024-06-21 00:00:00+05:30,453.7,461.45,449.8,450.95,10340882,0
2024-06-24 00:00:00+05:30,450.75,450.8,443.25,444.8,11124175,0
2024-06-25 00:00:00+05:30,446.9,448.8,436.9,440.65,7951999,0
2024-06-26 00:00:00+05:30,441.6,443.1,436.7,440.15,6655899,0
2024-06-27 00:00:00+05:30,440.15,440.4,433.35,438.55,14857335,0
2024-06-28 00:00:00+05:30,441.35,447.0,439.45,444.3,8302706,0
2024-07-01 00:00:00+05:30,444.5,447.3,442.5,445.85,8579861,0
2024-07-02 00:00:00+05:30,448.85,455.4,444.5,449.9,14629287,0
2024-07-03 00:00:00+05:30,452.55,457.9,450.15,455.35,7244652,0
2024-07-04 00:00:00+05:30,458.95,462.75,455.7,459.7,7796954,0
2024-07-05 00:00:00+05:30,459.65,463.2,457.2,461.55,5754517,0
2024-07-08 00:00:00+05:30,462.65,465.8,457.5,463.2,7477292,0
2024-07-09 00:00:00+05:30,466.65,466.65,461.15,463.7,6444684,0
2024-07-10 00:00:00+05:30,463.7,464.7,451.25,460.8,5981477,0
2024-07-11 00:00:00+05:30,462.0,475.15,458.75,469.6,20146927,0
2024-07-12 00:00:00+05:30,473.3,477.6,465.3,465.95,8198389,0
2024-07-15 00:00:00+05:30,469.55,472.9,462.5,467.4,7106020,0
2024-07-16 00:00:00+05:30,467.65,486.8,467.65,481.2,23169665,0
2024-07-18 00:00:00+05:30,483.95,484.35,470.7,474.45,12540956,0
2024-07-19 00:00:00+05:30,474.5,475.5,457.05,458.25,9971704,0
2024-07-22 00:00:00+05:30,458.25,465.8,454.05,461.25,7281653,0
2024-07-23 00:00:00+05:30,463.9,465.6,436.25,457.3,11311831,0
2024-07-24 00:00:00+05:30,457.0,468.95,455.5,463.7,6823248,0
2024-07-25 00:00:00+05:30,461.05,472.85,454.5,463.9,10281157,0
2024-07-26 00:00:00+05:30,467.85,480.5,467.85,478.8,20437968,0
2024-07-29 00:00:00+05:30,483.1,484.3,476.55,480.9,7259754,0
2024-07-30 00:00:00+05:30,480.9,493.6,478.85,487.7,13197520,0
2024-07-31 00:00:00+05:30,491.55,493.4,479.35,490.35,11972565,0
2024-08-01 00:00:00+05:30,502.4,509.2,495.8,507.45,34763894,0
2024-08-02 00:00:00+05:30,501.45,504.45,490.45,492.5,10985150,0
2024-08-05 00:00:00+05:30,483.6,483.6,467.2,475.9,11835031,0
2024-08-06 00:00:00+05:30,477.1,485.65,467.65,469.15,7142269,0
2024-08-07 00:00:00+05:30,476.75,500.3,476.75,499.1,18293730,0
2024-08-08 00:00:00+05:30,501.45,502.4,489.5,491.55,13624148,0
2024-08-09 00:00:00+05:30,497.65,498.95,490.0,497.5,6468264,0
2024-08-12 00:00:00+05:30,496.75,498.15,491.4,492.0,5238736,0
2024-08-13 00:00:00+05:30,493.0,497.55,488.25,489.95,5201294,0
2024-08-14 00:00:00+05:30,491.0,495.7,468.6,473.9,14766889,0
2024-08-16 00:00:00+05:30,476.75,484.35,471.85,481.05,7313429,0
2024-08-19 00:00:00+05:30,482.5,491.55,481.85,490.15,10737456,0
2024-08-20 00:00:00+05:30,492.35,496.2,489.3,492.6,8191127,0
2024-08-21 00:00:00+05:30,494.4,502.65,492.4,499.75,9067794,0
2024-08-22 00:00:00+05:30,501.45,502.85,494.7,496.6,8531700,0
2024-08-23 00:00:00+05:30,496.7,508.15,496.6,506.0,12566904,0
2024-08-26 00:00:00+05:30,508.95,510.4,502.1,505.3,7193307,0
2024-08-27 00:00:00+05:30,506.25,508.65,497.65,499.0,7865530,0
2024-08-28 00:00:00+05:30,501.35,502.85,493.45,494.25,6066259,0
2024-08-29 00:00:00+05:30,494.25,497.65,484.6,495.4,9147836,0
2024-08-30 00:00:00+05:30,497.65,504.25,490.15,492.95,30921282,0
2024-09-02 00:00:00+05:30,494.9,496.75,486.1,489.1,6370038,0
2024-09-03 00:00:00+05:30,489.25,491.7,486.65,487.95,5526155,0
2024-09-04 00:00:00+05:30,485.35,485.35,470.0,472.95,16783593,0
2024-09-05 00:00:00+05:30,476.55,476.55,464.95,466.7,10830621,0
2024-09-06 00:00:00+05:30,468.55,468.55,451.7,458.75,13110103,0
2024-09-09 00:00:00+05:30,458.25,458.7,448.9,454.9,10189742,0
2024-09-10 00:00:00+05:30,457.6,462.0,452.45,461.15,9809547,0
2024-09-11 00:00:00+05:30,462.8,463.45,452.6,454.45,8134497,0
2024-09-12 00:00:00+05:30,457.3,466.95,452.85,465.45,12058489,0
2024-09-13 00:00:00+05:30,466.7,467.5,459.65,460.4,8093877,0
2024-09-16 00:00:00+05:30,462.45,464.7,457.65,463.2,5244657,0
2024-09-17 00:00:00+05:30,463.2,464.6,457.9,458.7,5063902,0
2024-09-18 00:00:00+05:30,459.95,463.5,456.55,457.4,6527832,0
2024-09-19 00:00:00+05:30,459.2,461.65,447.25,448.8,10014450,0
2024-09-20 00:00:00+05:30,451.6,467.65,451.05,461.0,12982128,0
2024-09-23 00:00:00+05:30,463.4,471.85,460.55,470.05,6123879,0
2024-09-24 00:00:00+05:30,474.2,475.75,471.0,473.55,7306001,0
2024-09-25 00:00:00+05:30,475.6,476.1,471.4,474.5,5059851,0
2024-09-26 00:00:00+05:30,475.15,476.5,469.6,475.65,6877039,0
2024-09-27 00:00:00+05:30,475.65,486.25,474.1,484.6,15443031,0
2024-09-30 00:00:00+05:30,481.7,482.15,471.85,479.0,8881502,0
2024-10-01 00:00:00+05:30,480.75,484.5,475.25,477.5,4743517,0
2024-10-03 00:00:00+05:30,469.05,478.85,469.05,471.7,11285134,0
2024-10-04 00:00:00+05:30,469.15,473.85,463.95,466.9,7170285,0
2024-10-07 00:00:00+05:30,467.75,470.0,446.35,451.2,8940891,0
2024-10-08 00:00:00+05:30,451.45,462.7,447.4,461.85,6049075,0
2024-10-09 00:00:00+05:30,462.0,465.8,456.05,457.25,6874313,0
2024-10-10 00:00:00+05:30,458.9,463.85,456.45,458.35,4700891,0
2024-10-11 00:00:00+05:30,457.8,463.8,457.75,462.9,4364566,0
2024-10-14 00:00:00+05:30,464.75,471.8,462.9,467.9,5369297,0
2024-10-15 00:00:00+05:30,467.9,468.9,460.2,464.3,4279311,0
2024-10-16 00:00:00+05:30,464.8,468.95,462.85,465.55,8000451,0
2024-10-17 00:00:00+05:30,465.55,466.95,457.5,460.05,4334990,0
2024-10-18 00:00:00+05:30,458.25,463.65,453.9,462.2,4573163,0
2024-10-21 00:00:00+05:30,462.0,464.55,452.95,455.8,4737527,0
2024-10-22 00:00:00+05:30,455.4,457.8,438.7,439.8,8671135,0
2024-10-23 00:00:00+05:30,439.8,447.05,430.95,445.2,10686743,0
2024-10-24 00:00:00+05:30,445.2,454.3,444.2,448.15,5045880,0
2024-10-25 00:00:00+05:30,448.95,449.85,431.0,432.95,10330954,0
2024-10-28 00:00:00+05:30,424.45,430.1,408.75,414.7,21378247,0
2024-10-29 00:00:00+05:30,417.1,419.4,412.05,418.35,7680865,0
2024-10-30 00:00:00+05:30,420.7,428.0,417.9,421.75,7818123,0
2024-10-31 00:00:00+05:30,424.45,426.8,416.15,424.5,8475238,0
2024-11-01 00:00:00+05:30,426.95,431.5,424.8,426.45,3095957,0
2024-11-04 00:00:00+05:30,430.1,430.2,408.95,416.25,15720990,0
2024-11-05 00:00:00+05:30,417.8,424.75,415.75,423.45,10186343,0
2024-11-06 00:00:00+05:30,426.25,427.3,419.8,424.3,9130749,0
2024-11-07 00:00:00+05:30,426.25,428.75,423.2,423.85,5861077,0
2024-11-08 00:00:00+05:30,423.85,424.5,410.15,412.85,9934413,0
2024-11-11 00:00:00+05:30,411.85,414.5,406.35,410.45,7201246,0
2024-11-12 00:00:00+05:30,411.35,413.6,401.9,403.15,6564348,0
2024-11-13 00:00:00+05:30,403.1,404.55,395.0,396.15,7170870,0
2024-11-14 00:00:00+05:30,396.45,402.45,392.0,398.95,8776485,0
2024-11-18 00:00:00+05:30,403.05,407.45,400.15,402.45,7352509,0
2024-11-19 00:00:00+05:30,405.0,410.85,399.85,401.35,6291292,0
2024-11-21 00:00:00+05:30,402.15,403.0,393.5,395.3,14141967,0
2024-11-22 00:00:00+05:30,396.65,404.8,395.7,403.15,8155453,0
2024-11-25 00:00:00+05:30,409.9,416.15,404.75,406.45,10903727,0
2024-11-26 00:00:00+05:30,407.4,408.9,398.9,400.65,5798977,0
2024-11-27 00:00:00+05:30,408.9,409.9,401.8,406.15,9219932,0
2024-11-28 00:00:00+05:30,408.9,413.7,402.6,404.25,7788912,0
2024-11-29 00:00:00+05:30,404.35,406.95,400.15,405.4,7057742,0
2024-12-02 00:00:00+05:30,407.35,412.25,405.8,410.6,6404844,0
2024-12-03 00:00:00+05:30,413.8,414.3,408.3,410.95,7928558,0
2024-12-04 00:00:00+05:30,410.95,414.65,404.05,405.65,6836472,0
2024-12-05 00:00:00+05:30,407.1,410.15,401.15,407.35,9500273,0
2024-12-06 00:00:00+05:30,408.9,410.4,405.4,406.15,4252732,0
2024-12-09 00:00:00+05:30,406.95,409.85,401.6,403.1,6662023,0
2024-12-10 00:00:00+05:30,404.55,406.2,400.65,403.15,6035289,0
2024-12-11 00:00:00+05:30,405.05,408.6,404.6,405.95,5353413,0
2024-12-12 00:00:00+05:30,405.5,406.85,396.35,398.3,9409378,0
2024-12-13 00:00:00+05:30,398.3,400.4,391.4,399.5,9439175,0
2024-12-16 00:00:00+05:30,399.65,401.95,395.8,399.6,5434635,0
2024-12-17 00:00:00+05:30,399.6,400.1,391.4,392.25,5070262,0
2024-12-18 00:00:00+05:30,392.85,394.1,384.15,385.35,7176597,0
2024-12-19 00:00:00+05:30,380.65,384.1,376.8,381.6,5745829,0
2024-12-20 00:00:00+05:30,382.65,383.3,370.45,371.9,7923854,0
2024-12-23 00:00:00+05:30,375.8,378.35,372.3,372.85,5163415,0
2024-12-24 00:00:00+05:30,374.7,376.55,371.35,374.35,4242999,0
2024-12-26 00:00:00+05:30,376.2,380.0,374.9,376.4,4190081,0
2024-12-27 00:00:00+05:30,377.3,378.2,369.55,370.45,5909271,0
2024-12-30 00:00:00+05:30,370.45,372.2,365.8,367.95,22328728,0
2024-12-31 00:00:00+05:30,367.95,374.55,366.2,374.0,7686615,0
2025-01-01 00:00:00+05:30,373.45,377.9,372.4,376.2,3584876,0
2025-01-02 00:00:00+05:30,378.15,383.55,373.9,382.6,7538972,0
2025-01-03 00:00:00+05:30,382.65,388.75,379.2,383.25,7122319,0
2025-01-06 00:00:00+05:30,383.65,383.65,367.2,368.75,8774141,0
2025-01-07 00:00:00+05:30,370.5,374.1,366.55,369.8,6542121,0
2025-01-08 00:00:00+05:30,370.0,371.95,366.1,370.3,7407778,0
2025-01-09 00:00:00+05:30,371.5,371.5,361.0,362.4,6247612,0
2025-01-10 00:00:00+05:30,361.6,363.35,355.1,358.8,4893721,0
2025-01-13 00:00:00+05:30,356.45,360.65,351.7,353.35,8661589,0
2025-01-14 00:00:00+05:30,355.35,364.15,353.4,359.5,5698113,0
2025-01-15 00:00:00+05:30,362.1,371.4,359.55,364.7,11117714,0
2025-01-16 00:00:00+05:30,368.45,371.45,364.9,368.85,6923722,0
2025-01-17 00:00:00+05:30,370.0,379.05,368.55,377.4,8380692,0
2025-01-20 00:00:00+05:30,379.3,380.7,372.55,376.85,14597375,0
2025-01-21 00:00:00+05:30,377.75,379.35,370.95,371.5,20854879,0
2025-01-22 00:00:00+05:30,371.45,373.75,364.75,369.2,10653690,0
2025-01-23 00:00:00+05:30,367.55,377.95,366.3,375.6,5844752,0
2025-01-24 00:00:00+05:30,375.85,381.9,371.65,372.95,5351964,0
2025-01-27 00:00:00+05:30,370.85,372.9,362.9,365.85,6645109,0
2025-01-28 00:00:00+05:30,366.1,367.65,358.05,360.85,10866038,0
2025-01-29 00:00:00+05:30,362.65,374.85,361.0,369.45,6680927,0
2025-01-30 00:00:00+05:30,371.65,377.15,370.35,374.9,6300164,0
2025-01-31 00:00:00+05:30,369.5,386.5,364.75,385.45,10339434,0
2025-02-01 00:00:00+05:30,385.45,388.9,369.05,375.15,7015540,0
2025-02-03 00:00:00+05:30,373.85,374.0,356.85,364.15,7689700,0
2025-02-04 00:00:00+05:30,367.55,370.65,365.0,366.6,4649921,0
2025-02-05 00:00:00+05:30,368.05,374.95,367.95,372.75,5914200,0
2025-02-06 00:00:00+05:30,372.7,374.5,367.25,369.6,4652107,0
2025-02-07 00:00:00+05:30,369.5,372.9,366.1,368.25,3006598,0
2025-02-10 00:00:00+05:30,367.05,369.85,359.25,360.75,3380494,0
2025-02-11 00:00:00+05:30,360.25,360.75,348.05,349.55,6803431,0
2025-02-12 00:00:00+05:30,350.4,352.25,342.3,350.85,4565992,0
2025-02-13 00:00:00+05:30,352.45,357.85,349.15,352.1,3712240,0
2025-02-14 00:00:00+05:30,354.3,355.35,341.25,344.85,4464446,0
2025-02-17 00:00:00+05:30,344.85,352.45,340.05,350.6,6017586,0
2025-02-18 00:00:00+05:30,350.75,352.8,344.45,351.55,3843725,0
2025-02-19 00:00:00+05:30,350.5,355.65,348.55,352.75,3097726,0
2025-02-20 00:00:00+05:30,350.5,359.7,350.5,358.25,4624287,0
2025-02-21 00:00:00+05:30,357.85,361.4,355.65,360.2,5235241,0
2025-02-24 00:00:00+05:30,358.35,358.8,351.6,355.2,4533486,0
2025-02-25 00:00:00+05:30,354.4,355.75,349.25,351.6,4525493,0
2025-02-27 00:00:00+05:30,349.55,358.1,346.75,354.25,6196610,0
2025-02-28 00:00:00+05:30,357.1,365.85,355.65,359.6,21899478,0
2025-03-03 00:00:00+05:30,360.25,361.2,343.1,350.85,12675744,0
2025-03-04 00:00:00+05:30,346.7,356.85,343.3,354.25,5535218,0
2025-03-05 00:00:00+05:30,352.5,359.15,352.5,358.55,5730797,0
2025-03-06 00:00:00+05:30,360.3,374.0,358.4,372.5,11247215,0
2025-03-07 00:00:00+05:30,372.5,379.3,369.4,370.6,8321771,0
2025-03-10 00:00:00+05:30,370.65,376.4,364.2,365.25,5541001,0
2025-03-11 00:00:00+05:30,361.2,370.0,358.3,369.05,5340552,0
2025-03-12 00:00:00+05:30,369.55,372.75,363.95,370.65,3951912,0
2025-03-13 00:00:00+05:30,371.45,372.9,367.4,368.3,3918004,0
2025-03-17 00:00:00+05:30,370.15,376.85,369.05,375.55,5456631,0
2025-03-18 00:00:00+05:30,377.25,382.8,376.25,379.05,6211943,0
2025-03-19 00:00:00+05:30,379.75,387.55,378.55,385.4,5827114,0
2025-03-20 00:00:00+05:30,387.2,387.6,381.7,385.95,7025398,0
2025-03-21 00:00:00+05:30,385.95,400.25,384.7,394.7,16564019,0
2025-03-24 00:00:00+05:30,397.2,400.95,394.35,395.3,5260300,0
2025-03-25 00:00:00+05:30,397.25,397.5,386.6,387.8,5636291,0
2025-03-26 00:00:00+05:30,388.0,391.85,382.8,384.4,5025274,0
2025-03-27 00:00:00+05:30,382.9,389.1,381.7,386.4,7697174,0
2025-03-28 00:00:00+05:30,386.55,391.3,383.1,387.7,6923988,0
2025-04-01 00:00:00+05:30,387.3,391.95,384.65,387.15,4332950,0
2025-04-02 00:00:00+05:30,391.0,391.0,381.15,387.0,4197123,0
2025-04-03 00:00:00+05:30,384.6,389.45,382.85,386.6,4970602,0
2025-04-04 00:00:00+05:30,385.55,385.55,372.5,374.9,6718760,0
2025-04-07 00:00:00+05:30,349.4,369.4,346.6,367.55,10202400,0
2025-04-08 00:00:00+05:30,374.85,375.35,366.7,372.75,3577328,0
2025-04-09 00:00:00+05:30,372.2,372.6,363.25,364.7,5781453,0
2025-04-11 00:00:00+05:30,379.65,382.45,372.05,381.75,6185984,0
2025-04-15 00:00:00+05:30,388.45,388.45,383.1,384.8,4371156,0
2025-04-16 00:00:00+05:30,384.8,389.55,382.15,388.7,4992290,0
2025-04-17 00:00:00+05:30,386.45,389.0,378.05,388.35,8364450,0
2025-04-21 00:00:00+05:30,388.7,395.3,385.2,389.95,8987570,0
2025-04-22 00:00:00+05:30,392.85,395.1,383.9,388.1,7558174,0
2025-04-23 00:00:00+05:30,389.45,391.0,383.6,388.45,7429142,0
2025-04-24 00:00:00+05:30,388.4,390.7,386.4,389.3,5762303,0
2025-04-25 00:00:00+05:30,389.75,393.35,379.35,382.8,7337588,0
2025-04-28 00:00:00+05:30,382.8,388.3,381.2,386.65,3458518,0
2025-04-29 00:00:00+05:30,386.65,389.8,378.2,378.85,6274213,0
2025-04-30 00:00:00+05:30,378.85,380.05,373.0,375.15,4559122,0
2025-05-02 00:00:00+05:30,375.35,380.65,371.35,374.25,6455015,0
2025-05-05 00:00:00+05:30,375.75,377.65,371.7,375.45,6395704,0
2025-05-06 00:00:00+05:30,376.3,377.4,367.45,368.25,5982166,0
2025-05-07 00:00:00+05:30,360.55,377.1,360.55,373.2,9162368,0
2025-05-08 00:00:00+05:30,379.7,384.55,372.15,375.3,14258083,0
2025-05-09 00:00:00+05:30,369.1,373.15,367.1,372.3,3809943,0
2025-05-12 00:00:00+05:30,381.6,385.65,377.3,385.05,6743279,0
2025-05-13 00:00:00+05:30,385.05,389.05,383.65,384.75,6307140,0
2025-05-14 00:00:00+05:30,386.3,393.4,386.0,392.45,6822756,0
2025-05-15 00:00:00+05:30,393.1,395.7,389.05,394.0,10511989,0
2025-05-16 00:00:00+05:30,395.3,398.2,392.95,394.1,4702603,0
2025-05-19 00:00:00+05:30,395.25,396.7,390.45,392.1,5446656,0
2025-05-20 00:00:00+05:30,394.8,406.25,393.35,397.35,18755291,0
2025-05-21 00:00:00+05:30,400.8,402.65,393.6,394.65,7393102,0
2025-05-22 00:00:00+05:30,394.3,395.9,382.85,388.35,7936875,0
2025-05-23 00:00:00+05:30,389.65,392.35,388.45,390.9,4178408,0
2025-05-26 00:00:00+05:30,391.95,395.1,391.15,392.1,6067873,0
2025-05-27 00:00:00+05:30,391.9,392.9,387.8,389.4,6553758,0
2025-05-28 00:00:00+05:30,390.4,391.25,386.05,387.7,6002200,0
2025-05-29 00:00:00+05:30,389.45,390.6,386.55,387.7,7724668,0
2025-05-30 00:00:00+05:30,388.45,394.05,385.9,386.8,6565658,0
2025-06-02 00:00:00+05:30,388.45,390.8,385.05,389.15,6119571,0
2025-06-03 00:00:00+05:30,389.15,389.95,380.2,382.5,7360608,0
2025-06-04 00:00:00+05:30,382.5,384.6,379.3,384.2,3861957,0
2025-06-05 00:00:00+05:30,384.2,387.3,382.2,384.5,6097293,0
2025-06-06 00:00:00+05:30,387.35,390.05,385.6,388.45,7633919,0
2025-06-09 00:00:00+05:30,390.3,395.5,389.45,390.4,9626374,0
2025-06-10 00:00:00+05:30,392.35,393.85,388.35,389.0,6362912,0
2025-06-11 00:00:00+05:30,389.55,398.7,387.9,391.5,11946342,0
2025-06-12 00:00:00+05:30,391.4,391.75,381.15,382.35,11262656,0
2025-06-13 00:00:00+05:30,379.7,382.0,375.8,380.9,5253032,0
2025-06-16 00:00:00+05:30,380.7,384.2,376.0,383.95,3706240,0
2025-06-17 00:00:00+05:30,383.6,385.4,379.8,381.0,3248476,0
2025-06-18 00:00:00+05:30,381.0,383.0,377.85,380.05,4118145,0
2025-06-19 00:00:00+05:30,380.05,381.15,373.4,374.1,4416367,0
2025-06-20 00:00:00+05:30,374.05,381.45,374.0,378.8,6531957,0
2025-06-23 00:00:00+05:30,376.8,382.75,374.55,382.15,3359491,0
2025-06-24 00:00:00+05:30,384.05,384.95,380.4,382.3,4606984,0
2025-06-25 00:00:00+05:30,383.45,384.95,380.7,381.4,4672204,0
2025-06-26 00:00:00+05:30,381.65,384.3,380.35,383.75,5569101,0
2025-06-27 00:00:00+05:30,384.6,387.2,381.75,383.75,16253653,0
2025-06-30 00:00:00+05:30,385.05,386.9,380.5,381.6,4870935,0
2025-07-01 00:00:00+05:30,382.15,383.5,378.75,379.45,5997283,0
2025-07-02 00:00:00+05:30,379.7,381.35,375.3,376.7,7752338,0
2025-07-03 00:00:00+05:30,377.65,378.75,375.35,376.25,3851213,0
2025-07-04 00:00:00+05:30,377.45,377.65,373.3,375.9,3990767,0
2025-07-07 00:00:00+05:30,376.3,376.3,373.85,374.1,2810768,0
2025-07-08 00:00:00+05:30,374.8,375.35,372.2,372.75,5231160,0
2025-07-09 00:00:00+05:30,372.95,377.9,372.75,377.25,4497121,0
2025-07-10 00:00:00+05:30,377.8,378.6,372.45,373.9,4668066,0
2025-07-11 00:00:00+05:30,373.9,374.15,370.55,370.9,4677164,0
2025-07-14 00:00:00+05:30,371.9,375.7,371.45,373.7,5109504,0
2025-07-15 00:00:00+05:30,373.75,377.05,373.35,376.25,4586811,0
2025-07-16 00:00:00+05:30,376.45,377.75,374.8,376.25,5205724,0
2025-07-17 00:00:00+05:30,376.85,377.95,374.75,375.7,3749218,0
2025-07-18 00:00:00+05:30,376.8,379.0,373.95,378.25,5172481,0
2025-07-21 00:00:00+05:30,378.75,379.15,375.25,376.6,4396850,0
2025-07-22 00:00:00+05:30,376.6,381.4,375.35,378.85,5043629,0
2025-07-23 00:00:00+05:30,379.15,382.1,378.6,380.45,3670943,0
2025-07-24 00:00:00+05:30,379.8,380.45,373.75,375.4,4022204,0
2025-07-25 00:00:00+05:30,375.4,375.7,370.0,370.75,4616856,0
2025-07-28 00:00:00+05:30,371.15,373.7,367.05,368.35,4521716,0
2025-07-29 00:00:00+05:30,367.0,374.1,367.0,373.55,4872086,0
2025-07-30 00:00:00+05:30,373.85,373.9,369.05,369.9,5107774,0
2025-07-31 00:00:00+05:30,368.05,369.0,364.8,366.4,6461803,0
2025-08-01 00:00:00+05:30,365.1,371.1,360.9,362.65,13769152,0
2025-08-04 00:00:00+05:30,362.6,368.75,360.45,364.8,19756930,0
2025-08-05 00:00:00+05:30,366.1,370.65,364.6,369.5,6846687,0
2025-08-06 00:00:00+05:30,364.15,368.1,363.7,366.9,5808208,0
2025-08-07 00:00:00+05:30,365.1,370.2,363.75,369.55,3468573,0
2025-08-08 00:00:00+05:30,369.0,372.0,368.15,369.7,4172600,0
2025-08-11 00:00:00+05:30,368.05,374.55,366.6,372.4,5740719,0
2025-08-12 00:00:00+05:30,371.5,376.25,371.15,375.2,4860757,0
2025-08-13 00:00:00+05:30,375.75,377.75,374.95,375.9,4216888,0
2025-08-14 00:00:00+05:30,375.9,376.65,372.45,374.3,4034887,0
2025-08-18 00:00:00+05:30,376.45,378.3,373.9,377.55,3520271,0
2025-08-19 00:00:00+05:30,378.25,378.25,374.1,375.2,5219052,0
2025-08-20 00:00:00+05:30,375.8,376.65,373.45,374.55,4904231,0
2025-08-21 00:00:00+05:30,370.9,371.5,367.3,368.15,6212604,0
2025-08-22 00:00:00+05:30,368.15,369.0,364.2,364.55,4699261,0
2025-08-25 00:00:00+05:30,365.1,370.7,364.9,370.0,4349832,0
2025-08-26 00:00:00+05:30,369.0,369.85,361.6,362.6,6381642,0
2025-08-28 00:00:00+05:30,362.65,366.0,358.9,364.45,4372269,0
2025-08-29 00:00:00+05:30,362.8,369.0,362.8,364.9,4578400,0
2025-09-01 00:00:00+05:30,365.4,368.6,365.2,367.95,2829114,0
2025-09-02 00:00:00+05:30,371.1,374.85,369.05,370.05,7511709,0
2025-09-03 00:00:00+05:30,370.9,382.9,370.0,379.5,8111851,0
2025-09-04 00:00:00+05:30,381.45,381.75,375.55,381.1,5515006,0
2025-09-05 00:00:00+05:30,382.05,382.9,378.75,382.3,4535470,0
2025-09-08 00:00:00+05:30,383.6,385.45,376.1,376.85,4607020,0
2025-09-09 00:00:00+05:30,378.45,379.15,376.55,377.7,4376579,0
2025-09-10 00:00:00+05:30,378.25,382.3,377.8,381.55,4285507,0
2025-09-11 00:00:00+05:30,383.25,384.1,380.2,382.95,3442373,0
2025-09-12 00:00:00+05:30,383.15,385.75,382.85,383.95,4276055,0
2025-09-15 00:00:00+05:30,383.95,390.1,383.9,384.35,4618798,0
2025-09-16 00:00:00+05:30,384.6,386.55,383.65,385.35,2581384,0
2025-09-17 00:00:00+05:30,391.4,391.85,387.0,389.2,5970395,0
2025-09-18 00:00:00+05:30,389.95,390.2,380.3,382.8,5899621,0
2025-09-19 00:00:00+05:30,383.6,384.75,381.15,384.1,5272435,0
2025-09-22 00:00:00+05:30,384.1,386.5,382.95,384.3,3399517,0
2025-09-23 00:00:00+05:30,384.35,385.3,381.75,383.65,4720322,0
2025-09-24 00:00:00+05:30,384.1,385.15,381.4,382.5,5139791,0
2025-09-25 00:00:00+05:30,381.7,384.75,381.3,382.15,4563970,0
2025-09-26 00:00:00+05:30,382.15,382.6,377.8,378.9,4698693,0
2025-09-29 00:00:00+05:30,379.5,381.25,375.45,378.05,6606409,0
2025-09-30 00:00:00+05:30,379.4,381.05,376.9,379.65,5362610,0
2025-10-01 00:00:00+05:30,379.5,384.5,377.65,378.25,4976933,0
2025-10-03 00:00:00+05:30,378.25,378.85,371.45,373.25,7431240,0
2025-10-06 00:00:00+05:30,373.4,373.95,369.95,371.85,7022052,0
2025-10-07 00:00:00+05:30,373.85,378.7,373.7,374.55,7895734,0
2025-10-08 00:00:00+05:30,375.35,376.2,371.05,372.0,3642904,0
2025-10-09 00:00:00+05:30,372.9,376.1,370.5,373.25,4628511,0
2025-10-10 00:00:00+05:30,373.85,376.5,372.85,374.35,5061600,0
2025-10-13 00:00:00+05:30,373.15,374.15,370.6,371.5,4750043,0
2025-10-14 00:00:00+05:30,371.95,375.0,370.05,370.9,4288494,0
2025-10-15 00:00:00+05:30,371.2,375.25,371.2,374.1,6135157,0
2025-10-16 00:00:00+05:30,374.85,377.7,374.35,377.4,3513302,0
2025-10-17 00:00:00+05:30,377.4,379.2,375.1,378.55,4093872,0
2025-10-20 00:00:00+05:30,379.7,381.65,378.2,380.3,4007425,0
2025-10-21 00:00:00+05:30,382.75,382.8,380.3,380.8,678084,0
2025-10-23 00:00:00+05:30,381.25,384.0,380.15,382.3,4311356,0
2025-10-24 00:00:00+05:30,382.3,385.0,380.5,383.65,4070949,0
2025-10-27 00:00:00+05:30,385.05,387.7,383.2,386.25,5438773,0
2025-10-28 00:00:00+05:30,386.5,387.7,379.1,381.05,7672258,0
2025-10-29 00:00:00+05:30,382.9,388.75,370.0,371.9,26856509,0
2025-10-30 00:00:00+05:30,372.85,378.7,369.3,377.45,15154040,0
2025-10-31 00:00:00+05:30,379.65,383.8,377.5,378.4,13103909,0
2025-11-03 00:00:00+05:30,380.25,380.6,377.1,378.3,14152223,0
2025-11-04 00:00:00+05:30,380.0,382.0,376.5,377.55,10536699,0
2025-11-06 00:00:00+05:30,378.7,378.7,372.35,373.15,6648689,0
2025-11-07 00:00:00+05:30,372.0,376.75,371.5,376.0,4650451,0
2025-11-10 00:00:00+05:30,376.1,382.4,376.1,381.35,4451727,0
2025-11-11 00:00:00+05:30,381.45,383.0,378.6,382.8,3299015,0
2025-11-12 00:00:00+05:30,384.25,387.6,382.7,386.5,4326520,0
2025-11-13 00:00:00+05:30,386.5,387.4,382.75,383.2,3480764,0
2025-11-14 00:00:00+05:30,383.2,387.35,382.3,386.95,3760163,0
2025-11-17 00:00:00+05:30,387.0,389.2,386.15,387.85,3847261,0
2025-11-18 00:00:00+05:30,387.85,387.85,382.95,383.95,4462641,0
2025-11-19 00:00:00+05:30,383.1,383.85,378.45,379.05,5332643,0
2025-11-20 00:00:00+05:30,381.0,381.25,377.55,379.65,3971851,0
2025-11-21 00:00:00+05:30,378.0,380.35,377.55,378.2,3088629,0
2025-11-24 00:00:00+05:30,378.15,378.2,372.0,372.55,5543493,0
2025-11-25 00:00:00+05:30,372.6,373.4,369.6,370.05,4902920,0
2025-11-26 00:00:00+05:30,371.85,377.7,371.3,377.35,4102285,0
2025-11-27 00:00:00+05:30,377.35,378.7,376.1,378.05,3330267,0
2025-11-28 00:00:00+05:30,379.0,379.2,374.9,376.15,4689402,0
2025-12-01 00:00:00+05:30,376.9,380.0,375.8,379.65,4217206,0
2025-12-02 00:00:00+05:30,379.5,379.9,376.75,378.95,3695491,0
2025-12-03 00:00:00+05:30,378.95,379.3,372.2,375.25,4650434,0
2025-12-04 00:00:00+05:30,375.0,379.75,373.8,379.05,3135061,0
2025-12-05 00:00:00+05:30,378.9,380.65,376.5,379.95,3154258,0
2025-12-08 00:00:00+05:30,380.9,380.9,375.55,377.35,3911363,0
2025-12-09 00:00:00+05:30,375.1,381.2,373.35,379.35,4242651,0
2025-12-10 00:00:00+05:30,378.5,382.9,378.25,382.15,4752336,0
2025-12-11 00:00:00+05:30,382.35,385.35,380.5,384.0,2695140,0
2025-12-12 00:00:00+05:30,384.55,385.75,382.25,383.35,1410201,0
2025-12-15 00:00:00+05:30,384.0,385.0,380.1,384.45,1870236,0
2025-12-16 00:00:00+05:30,384.0,384.2,378.35,381.6,5109787,0
2025-12-17 00:00:00+05:30,380.85,385.5,380.8,384.75,3651138,0
2025-12-18 00:00:00+05:30,384.4,386.5,382.85,385.3,2379619,0
2025-12-19 00:00:00+05:30,385.0,387.35,383.5,385.6,3611941,0
2025-12-22 00:00:00+05:30,385.6,386.95,384.05,386.25,3112021,0
2025-12-23 00:00:00+05:30,387.45,400.95,386.45,400.4,18487395,0
2025-12-24 00:00:00+05:30,403.8,412.4,401.75,402.35,17624423,0
2025-12-26 00:00:00+05:30,403.8,408.4,400.6,402.15,5435637,0
2025-12-29 00:00:00+05:30,404.0,405.5,399.0,400.65,6105510,0
2025-12-30 00:00:00+05:30,400.0,400.2,395.5,398.0,4418163,0
2025-12-31 00:00:00+05:30,398.4,404.0,397.55,399.0,4644679,0
2026-01-01 00:00:00+05:30,399.0,402.8,398.25,400.45,3161157,0
2026-01-02 00:00:00+05:30,401.35,429.5,401.0,427.9,35090129,0
2026-01-05 00:00:00+05:30,430.95,436.7,423.5,427.45,17258568,0
2026-01-06 00:00:00+05:30,427.0,431.3,424.7,427.05,6308113,0
2026-01-07 00:00:00+05:30,426.95,432.45,423.65,431.65,8920605,0
2026-01-08 00:00:00+05:30,431.65,434.0,423.45,425.25,5991259,0
2026-01-09 00:00:00+05:30,423.7,428.35,417.2,419.9,7274431,0
